Nb;Sc;Ta;Ti;Zr;Mo;Cr;Mn;Fe;Hf;Co;Si;Mg;V;W;Y;In;Ag;Ga;Cd;Sb;Te;Cu;Re;Ge;Hg;Ru;Al;As;Zn;Ni;Ir;Bi;Au;Pt;Pb;Rh;Pd;Sn;stoich_entropy;delta;avg_VEC;Formation Energy (eV/atom);Bulk Modulus (GPa);Shear Modulus (GPa);Density;Melting_Temperature;LMP;G/B ratio;Omega;Log_10(K_A);Origin;Cluster;Normalized Composition;Forbidden_elem;Energy_Footprint(MJ/mol);Energy_Footprint_incRecy
;;;;;;0.36;;;;0.29;;0.17;;;;;;;0.04;;;;;;;0.14;;;;;;;;;;;;;1.38;0.06;7.35;-0.15;218.94;109.93;7.57;1602.77;30.38;0.5;1.23;-1.29;Hamming & Gradient Augmentation;Al0.04Co0.12Cr0.39Fe0.03Mn0.17Mo0.11Ni0.01Re0.06V0.05W0.01;Cr0.36Co0.29Mg0.17Cd0.04Ru0.14;True;392.55062671900004;23.67426490115
;;;;;;0.37;;0.08;;0.34;0.07;;0.14;;;;;;;;;;;;;;;;;;;;;;;;;;1.4;0.05;6.9;-0.13;210.65;101.86;7.46;1692.74;30.75;0.48;1.53;-1.73;Brute Force HEA;Al0.04Co0.12Cr0.39Fe0.03Mn0.17Mo0.11Ni0.01Re0.06V0.05W0.01;Cr0.37Fe0.08Co0.34Si0.07V0.14;True;78.63493763150001;
;;;;;;0.3;0.24;;;0.35;0.05;;0.06;;;;;;;;;;;;;;;;;;;;;;;;;;1.38;0.05;7.13;-0.15;204.36;99.33;7.57;1678.89;30.26;0.49;1.35;-1.05;Generative CVAE;Al0.04Co0.12Cr0.39Fe0.03Mn0.17Mo0.11Ni0.01Re0.06V0.05W0.01;Cr0.3Mn0.24Co0.35Si0.05V0.06;True;63.80781872173999;
;;;;;;0.2;0.28;0.03;;0.3;0.09;;0.11;;;;;;;;;;;;;;;;;;;;;;;;;;1.59;0.06;6.97;-0.17;198.39;105.43;7.48;1664.7;30.42;0.53;1.37;-1.56;Generative CVAE;Al0.04Co0.12Cr0.39Fe0.03Mn0.17Mo0.11Ni0.01Re0.06V0.05W0.01;Cr0.2Mn0.28Fe0.03Co0.3Si0.09V0.11;True;64.85331367328;
;;;;;;0.27;0.2;0.06;;0.28;0.04;;0.17;;;;;;;;;;;;;;;;;;;;;;;;;;1.62;0.04;6.9;-0.16;191.81;87.02;7.44;1687.87;30.5;0.45;1.5;-0.88;Generative CVAE;Al0.04Co0.12Cr0.39Fe0.03Mn0.17Mo0.11Ni0.01Re0.06V0.05W0.01;Cr0.27Mn0.2Fe0.06Co0.28Si0.04V0.17;True;74.9939189827;
;;;;;;0.3;0.27;0.25;;0.1;0.08;;;;;;;;;;;;;;;;;;;;;;;;;;;;1.49;0.06;6.91;-0.11;192.08;101.19;7.58;1720.75;30.3;0.53;2.03;-1.63;Generative CVAE;Co0.09Cr0.26Fe0.26Mn0.32Si0.07;Cr0.3Mn0.27Fe0.25Co0.1Si0.08;True;21.748956857895003;
;;;;;;0.32;0.27;0.23;;0.09;0.09;;;;;;;;;;;;;;;;;;;;;;;;;;;;1.49;0.06;6.83;-0.13;204.47;100.98;7.52;1727.16;30.35;0.49;1.77;-1.93;Generative CVAE;Co0.09Cr0.26Fe0.26Mn0.32Si0.07;Cr0.32Mn0.27Fe0.23Co0.09Si0.09;True;21.015476124395;
;;;;;;0.35;0.26;0.2;;0.09;0.1;;;;;;;;;;;;;;;;;;;;;;;;;;;;1.48;0.06;6.74;-0.13;204.25;99.97;7.51;1732.36;30.4;0.49;1.74;-1.86;Generative CVAE;Co0.09Cr0.26Fe0.26Mn0.32Si0.07;Cr0.35Mn0.26Fe0.2Co0.09Si0.1;True;21.729776916009996;
;;;;;;0.43;0.21;0.26;;;;;;;;0.06;;;;0.03;;;;;;;;;;;;;;;;;;;1.35;0.04;6.75;-0.17;129.06;65.78;5.99;1606.04;30.9;0.51;1.07;-1.54;Hamming & Gradient Augmentation;Co0.09Cr0.26Fe0.26Mn0.32Si0.07;Cr0.43Mn0.21Fe0.26In0.06Sb0.03;True;30.462414847585;3.51142887404
;;;;;;0.27;0.3;0.26;;0.09;0.07;;;;;;;;;;;;;;;;;;;;;;;;;;;;1.48;0.06;6.94;-0.12;186.54;93.56;7.59;1716.2;30.42;0.5;1.86;-1.62;Generative CVAE;Co0.09Cr0.26Fe0.26Mn0.32Si0.07;Cr0.27Mn0.3Fe0.26Co0.09Si0.07;True;19.84421905805;
;;;;;;0.24;0.34;0.28;;0.09;0.06;;;;;;;;;;;;;;;;;;;;;;;;;;;;1.45;0.05;7.05;-0.13;176.77;91.62;7.67;1691.52;30.46;0.52;1.64;-1.13;Generative CVAE;Co0.09Cr0.26Fe0.26Mn0.32Si0.07;Cr0.24Mn0.34Fe0.28Co0.09Si0.06;True;19.242128325089997;
;;;;;;0.05;0.33;0.42;;0.1;0.1;;;;;;;;;;;;;;;;;;;;;;;;;;;;1.34;0.07;7.26;-0.19;200.74;105.35;7.34;1628.25;30.29;0.52;1.0;-1.9;Generative CVAE;Co0.09Cr0.26Fe0.26Mn0.32Si0.07;Cr0.05Mn0.33Fe0.42Co0.1Si0.1;True;15.980595035205;
;0.21;;;;;;0.22;0.28;;0.15;;;;;;;;;;;;;;;;;;;;0.14;;;;;;;;;1.51;0.06;6.75;-0.19;123.41;63.0;5.87;1561.02;30.37;0.51;1.09;-1.64;Hamming & Gradient Augmentation;Hf0.04Mo0.15Nb0.16Sc0.16Ta0.16Ti0.16Zr0.16;Sc0.21Mn0.22Fe0.28Co0.15Ni0.14;True;539.50541780947;
;;;;;;0.04;0.08;0.65;;0.12;0.07;;0.04;;;;;;;;;;;;;;;;;;;;;;;;;;1.17;0.05;7.57;-0.16;189.47;92.12;7.63;1650.64;30.48;0.49;1.02;-1.47;Generative CVAE;Co0.09Cr0.26Fe0.26Mn0.32Si0.07;Cr0.04Mn0.08Fe0.65Co0.12Si0.07V0.04;True;24.92787206958;
;;;;;;;0.05;0.55;;0.04;0.12;;0.24;;;;;;;;;;;;;;;;;;;;;;;;;;1.2;0.07;6.76;-0.15;217.06;104.11;7.22;1575.06;30.42;0.48;1.11;-1.59;Generative CVAE;Co0.06Cr0.14Fe0.22Mn0.07Mo0.24Ru0.05Si0.04V0.14W0.05;Mn0.05Fe0.55Co0.04Si0.12V0.24;True;51.714490920425;
;;;;;;0.03;0.22;0.57;;0.08;0.1;;;;;;;;;;;;;;;;;;;;;;;;;;;;1.19;0.07;7.41;-0.14;187.61;94.87;7.37;1640.23;30.3;0.51;1.19;-1.61;Generative CVAE;Co0.09Cr0.26Fe0.26Mn0.32Si0.07;Cr0.03Mn0.22Fe0.57Co0.08Si0.1;True;12.70187826747;
;;;;;;0.04;0.27;0.5;;0.09;0.1;;;;;;;;;;;;;;;;;;;;;;;;;;;;1.28;0.07;7.34;-0.16;191.28;93.88;7.35;1627.77;30.29;0.49;1.13;-1.86;Generative CVAE;Co0.09Cr0.26Fe0.26Mn0.32Si0.07;Cr0.04Mn0.27Fe0.5Co0.09Si0.1;True;14.326499969895002;
;;;;;;0.06;0.49;0.22;;0.12;0.11;;;;;;;;;;;;;;;;;;;;;;;;;;;;1.35;0.07;7.07;-0.15;200.43;106.08;7.47;1588.27;30.4;0.53;1.21;-1.75;Generative CVAE;Co0.09Cr0.26Fe0.26Mn0.32Si0.07;Cr0.06Mn0.49Fe0.22Co0.12Si0.11;True;19.191388215865;
;;;;;;0.05;0.43;0.29;;0.11;0.11;;;;;;;;;;;;;;;;;;;;;;;;;;;;1.37;0.07;7.12;-0.18;201.32;105.61;7.53;1593.94;30.4;0.52;1.04;-1.8;Generative CVAE;Co0.09Cr0.26Fe0.26Mn0.32Si0.07;Cr0.05Mn0.43Fe0.29Co0.11Si0.11;True;17.525398165555004;
;;;;;;0.15;0.45;0.28;;0.07;0.05;;;;;;;;;;;;;;;;;;;;;;;;;;;;1.33;0.05;7.12;-0.12;171.55;83.43;7.67;1658.32;30.45;0.49;1.56;-1.25;Generative CVAE;Co0.09Cr0.26Fe0.26Mn0.32Si0.07;Cr0.15Mn0.45Fe0.28Co0.07Si0.05;True;14.897091845325;
;;;;;;0.2;0.39;0.28;;0.08;0.05;;;;;;;;;;;;;;;;;;;;;;;;;;;;1.4;0.05;7.1;-0.13;171.35;84.82;7.69;1709.28;30.43;0.5;1.63;-1.13;Generative CVAE;Co0.09Cr0.26Fe0.26Mn0.32Si0.07;Cr0.2Mn0.39Fe0.28Co0.08Si0.05;True;17.156571112015;
;;;;;;0.18;0.47;0.11;;0.12;0.08;;0.03;;;;;;;;;;;;;;;;;;;;;;;;;;1.48;0.06;6.86;-0.14;185.92;95.06;7.53;1654.32;30.3;0.51;1.48;-1.79;Generative CVAE;Co0.09Cr0.26Fe0.26Mn0.32Si0.07;Cr0.18Mn0.47Fe0.11Co0.12Si0.08V0.03;True;27.566058180595;
;;;;;;0.22;0.43;0.12;;0.14;0.05;;0.04;;;;;;;;;;;;;;;;;;;;;;;;;;1.51;0.05;6.96;-0.15;171.38;91.53;7.6;1708.7;30.45;0.53;1.48;-1.15;Generative CVAE;Co0.09Cr0.26Fe0.26Mn0.32Si0.07;Cr0.22Mn0.43Fe0.12Co0.14Si0.05V0.04;True;32.701256295555;
;;0.13;;;;;0.51;;;;0.04;;;;;;;;;;;;;;;;0.29;;;;;;0.03;;;;;;1.29;0.06;7.94;-0.19;130.88;49.88;7.86;2187.89;31.15;0.38;1.31;0.26;Hamming & Gradient Augmentation;Co0.09Cr0.26Fe0.26Mn0.32Si0.07;Ta0.13Mn0.51Si0.04Al0.29Au0.03;True;2613.571826762838;
;;;;;;0.06;0.58;0.12;;0.12;0.11;;0.02;;;;;;;;;;;;;;;;;;;;;;;;;;1.31;0.07;6.93;-0.16;200.89;105.33;7.48;1618.7;30.4;0.52;1.18;-1.74;Generative CVAE;Co0.11Cr0.05Fe0.06Mn0.63Si0.11V0.04;Cr0.06Mn0.58Fe0.12Co0.12Si0.11V0.02;True;23.22970694683;
;;;;;;0.06;0.63;0.07;;0.11;0.1;;0.03;;;;;;;;;;;;;;;;;;;;;;;;;;1.22;0.06;6.89;-0.13;201.47;103.59;7.5;1656.17;30.35;0.51;1.32;-1.73;Generative CVAE;Co0.11Cr0.05Fe0.06Mn0.63Si0.11V0.04;Cr0.06Mn0.63Fe0.07Co0.11Si0.1V0.03;True;23.983796029755;
0.05;0.32;0.19;0.05;0.07;0.32;;;;;;;;;;;;;;;;;;;;;;;;;;;;;;;;;;1.53;0.05;7.2;-0.16;151.42;50.65;8.0;2253.25;31.4;0.33;1.86;0.36;Generative CVAE;Hf0.03Mo0.38Nb0.05Sc0.19Ta0.15Ti0.07V0.08Zr0.04;Nb0.05Sc0.32Ta0.19Ti0.05Zr0.07Mo0.32;True;962.2096330290001;
;0.45;0.11;;;0.32;;;;;;;;;;;0.08;;;0.04;;;;;;;;;;;;;;;;;;;;1.39;0.03;6.83;-0.19;123.25;53.63;6.7;1757.07;32.04;0.44;1.14;0.24;Hamming & Gradient Augmentation;Hf0.03Mo0.38Nb0.05Sc0.19Ta0.15Ti0.07V0.08Zr0.04;Sc0.45Ta0.11Mo0.32In0.08Cd0.04;True;1224.480706734;
;0.23;;;;0.33;;;;;;;0.12;;;;0.27;;;;;;;;;;;;0.06;;;;;;;;;;;1.42;0.05;6.86;-0.17;131.49;55.81;7.44;1759.09;31.19;0.42;1.25;0.27;Hamming & Gradient Augmentation;Hf0.03Mo0.38Nb0.05Sc0.19Ta0.15Ti0.07V0.08Zr0.04;Sc0.23Mo0.33Mg0.12In0.27As0.06;True;654.0309747360001;
;0.25;;;;0.24;;0.18;;;;;0.2;;;;;;;;;;;0.12;;;;;;;;;;;;;;;;1.35;0.04;7.86;-0.15;154.51;54.61;8.57;1929.85;31.74;0.35;1.54;0.29;Hamming & Gradient Augmentation;Hf0.03Mo0.38Nb0.05Sc0.19Ta0.15Ti0.07V0.08Zr0.04;Sc0.25Mo0.24Mn0.18Mg0.2Re0.12;True;816.20978306193;
;0.34;0.14;0.23;;0.24;;;;;;;;;;;;;0.04;;;;;;;;;;;;;;0.02;;;;;;;1.52;0.06;7.07;-0.16;128.95;49.34;7.1;1999.95;31.14;0.38;1.61;0.3;Annealing;Hf0.03Mo0.38Nb0.05Sc0.19Ta0.15Ti0.07V0.08Zr0.04;Sc0.34Ta0.14Ti0.23Mo0.24Ga0.04Bi0.02;True;965.4612108230002;
0.06;0.28;0.15;0.1;0.06;0.24;;;;0.04;;;;0.06;;;;;;;;;;;;;;;;;;;;;;;;;;1.86;0.05;7.13;-0.14;143.48;57.99;7.77;2236.1;31.31;0.4;2.64;0.31;Generative CVAE;Hf0.03Mo0.38Nb0.05Sc0.19Ta0.15Ti0.07V0.08Zr0.04;Nb0.06Sc0.28Ta0.15Ti0.1Zr0.06Mo0.24Hf0.04V0.06;True;852.1101619360002;
0.05;0.19;0.16;0.08;0.04;0.36;;;;0.03;;;;0.09;;;;;;;;;;;;;;;;;;;;;;;;;;1.77;0.05;7.45;-0.14;166.5;56.03;8.52;2322.36;31.2;0.34;2.55;0.33;Generative CVAE;Hf0.03Mo0.38Nb0.05Sc0.19Ta0.15Ti0.07V0.08Zr0.04;Nb0.05Sc0.19Ta0.16Ti0.08Zr0.04Mo0.36Hf0.03V0.09;True;638.2268714929999;
;0.21;;0.16;;0.23;;;;;;;;0.2;;;;;;;;0.2;;;;;;;;;;;;;;;;;;1.61;0.06;7.21;-0.14;139.2;58.29;7.66;2157.79;31.2;0.42;2.07;0.31;Hamming & Gradient Augmentation;Hf0.03Mo0.38Nb0.05Sc0.19Ta0.15Ti0.07V0.08Zr0.04;Sc0.21Ti0.16Mo0.23V0.2Te0.2;True;566.7295018720001;
;0.18;;;;0.37;;;;;;;;0.28;;;;;0.07;;;;;;;;;;;;;0.11;;;;;;;;1.42;0.03;7.22;-0.17;209.15;81.91;8.84;1949.5;32.04;0.39;1.37;0.4;Hamming & Gradient Augmentation;Hf0.03Mo0.38Nb0.05Sc0.19Ta0.15Ti0.07V0.08Zr0.04;Sc0.18Mo0.37V0.28Ga0.07Ir0.11;True;1521.504728676;
;0.22;0.22;0.11;0.22;0.22;;;;;;;;;;;;;;;;;;;;;;;;;;;;;;;;;;1.58;0.05;7.57;-0.13;141.02;44.41;8.16;2247.66;31.4;0.31;2.3;0.37;Generative CVAE;Hf0.04Mo0.15Nb0.16Sc0.16Ta0.16Ti0.16Zr0.16;Sc0.22Ta0.22Ti0.11Zr0.22Mo0.22;True;752.6836170590001;
;0.19;0.19;0.19;0.19;0.19;;;;0.04;;;;;;;;;;;;;;;;;;;;;;;;;;;;;;1.71;0.05;7.64;-0.14;140.7;46.03;8.11;2306.36;31.4;0.33;2.43;0.32;Generative CVAE;Hf0.04Mo0.15Nb0.16Sc0.16Ta0.16Ti0.16Zr0.16;Sc0.19Ta0.19Ti0.19Zr0.19Mo0.19Hf0.04;True;660.605776943;
;;;;0.28;0.33;;0.27;;;;;;;0.06;;0.06;;;;;;;;;;;;;;;;;;;;;;;1.49;0.04;6.84;-0.14;152.22;55.23;8.14;2013.46;31.21;0.36;1.81;0.28;Hamming & Gradient Augmentation;Hf0.03Mo0.38Nb0.05Sc0.19Ta0.15Ti0.07V0.08Zr0.04;Zr0.28Mo0.33Mn0.27W0.06In0.06;True;71.425573512895;7.8652851768300005
;;0.11;;0.39;0.41;;;;;;;;;;;0.03;;;;;0.06;;;;;;;;;;;;;;;;;;1.51;0.03;7.04;-0.16;143.47;48.78;7.92;1887.34;31.93;0.34;1.55;0.28;Hamming & Gradient Augmentation;Hf0.03Mo0.38Nb0.05Sc0.19Ta0.15Ti0.07V0.08Zr0.04;Ta0.11Zr0.39Mo0.41In0.03Te0.06;True;159.01424496;15.018692814
;0.27;0.13;;0.27;0.27;;;;0.07;;;;;;;;;;;;;;;;;;;;;;;;;;;;;;1.5;0.04;7.09;-0.15;135.03;44.0;7.98;2236.26;31.43;0.33;1.95;0.34;Generative CVAE;Hf0.04Mo0.15Nb0.16Sc0.16Ta0.16Ti0.16Zr0.16;Sc0.27Ta0.13Zr0.27Mo0.27Hf0.07;True;824.572595544;
0.03;0.19;0.03;0.17;0.19;0.19;;;;0.17;;;;0.03;;;;;;;;;;;;;;;;;;;;;;;;;;1.86;0.05;7.08;-0.13;141.52;46.65;7.72;2027.7;31.31;0.33;2.47;0.33;Annealing;Hf0.04Mo0.15Nb0.16Sc0.16Ta0.16Ti0.16Zr0.16;Nb0.03Sc0.19Ta0.03Ti0.17Zr0.19Mo0.19Hf0.17V0.03;True;571.7340213680001;
;0.21;0.05;0.07;0.21;0.21;;;;0.21;;;;0.04;;;;;;;;;;;;;;;;;;;;;;;;;;1.77;0.05;7.98;-0.13;134.61;47.73;8.11;2183.29;31.31;0.35;2.5;0.31;Generative CVAE;Hf0.04Mo0.15Nb0.16Sc0.16Ta0.16Ti0.16Zr0.16;Sc0.21Ta0.05Ti0.07Zr0.21Mo0.21Hf0.21V0.04;True;641.6918515870001;
0.23;0.23;0.23;;0.08;0.23;;;;;;;;;;;;;;;;;;;;;;;;;;;;;;;;;;1.56;0.04;7.9;-0.1;151.31;55.89;8.73;2447.67;31.41;0.37;3.19;0.38;Generative CVAE;Hf0.04Mo0.15Nb0.16Sc0.16Ta0.16Ti0.16Zr0.16;Nb0.23Sc0.23Ta0.23Zr0.08Mo0.23;True;801.1637879560002;
0.23;0.32;0.14;;;0.25;;;;;;;;;;;;;;;;0.05;;;;;;;;;;;;;;;;;;1.54;0.03;7.65;-0.18;150.4;55.58;8.47;1730.73;32.04;0.37;1.28;0.39;Hamming & Gradient Augmentation;Hf0.04Mo0.15Nb0.16Sc0.16Ta0.16Ti0.16Zr0.16;Nb0.23Sc0.32Ta0.14Mo0.25Te0.05;True;942.2388754240001;
0.13;0.21;0.21;0.03;0.21;0.21;;;;;;;;;;;;;;;;;;;;;;;;;;;;;;;;;;1.69;0.04;7.46;-0.11;145.36;48.47;8.13;2338.7;31.38;0.33;2.96;0.37;Generative CVAE;Hf0.04Mo0.15Nb0.16Sc0.16Ta0.16Ti0.16Zr0.16;Nb0.13Sc0.21Ta0.21Ti0.03Zr0.21Mo0.21;True;738.705478687;
0.11;0.24;0.24;0.06;0.12;0.24;;;;;;;;;;;;;;;;;;;;;;;;;;;;;;;;;;1.69;0.05;7.91;-0.12;151.28;51.43;8.39;2317.38;31.38;0.34;2.89;0.38;Generative CVAE;Hf0.03Mo0.38Nb0.05Sc0.19Ta0.15Ti0.07V0.08Zr0.04;Nb0.11Sc0.24Ta0.24Ti0.06Zr0.12Mo0.24;True;820.7042919980001;
0.2;0.2;0.2;0.06;0.2;0.12;;;;;;;;;;;;;;;;;;;;;;;;;;;;;;;;;;1.72;0.04;7.32;-0.1;143.4;45.95;8.08;2301.24;31.38;0.32;3.45;0.37;Generative CVAE;Hf0.04Mo0.15Nb0.16Sc0.16Ta0.16Ti0.16Zr0.16;Nb0.2Sc0.2Ta0.2Ti0.06Zr0.2Mo0.12;True;716.3374671900001;
0.19;0.19;0.19;0.04;0.19;0.19;;;;;;;;;;;;;;;;;;;;;;;;;;;;;;;;;;1.7;0.04;7.28;-0.12;144.55;48.43;8.12;2376.26;31.41;0.34;2.88;0.37;Generative CVAE;Hf0.04Mo0.15Nb0.16Sc0.16Ta0.16Ti0.16Zr0.16;Nb0.19Sc0.19Ta0.19Ti0.04Zr0.19Mo0.19;True;681.1546985680001;
0.18;0.18;0.17;0.07;0.18;0.18;;;;0.04;;;;;;;;;;;;;;;;;;;;;;;;;;;;;;1.85;0.04;7.39;-0.12;146.81;46.53;8.21;2349.29;31.38;0.32;3.0;0.34;Generative CVAE;Hf0.04Mo0.15Nb0.16Sc0.16Ta0.16Ti0.16Zr0.16;Nb0.18Sc0.18Ta0.17Ti0.07Zr0.18Mo0.18Hf0.04;True;646.2976240710001;
0.18;0.18;0.18;0.12;0.18;0.18;;;;;;;;;;;;;;;;;;;;;;;;;;;;;;;;;;1.78;0.05;7.0;-0.1;148.72;47.56;8.01;2320.54;31.3;0.32;3.57;0.33;Generative CVAE;Hf0.04Mo0.15Nb0.16Sc0.16Ta0.16Ti0.16Zr0.16;Nb0.18Sc0.18Ta0.18Ti0.12Zr0.18Mo0.18;True;647.613404196;
0.2;0.2;0.2;0.1;0.11;0.2;;;;;;;;;;;;;;;;;;;;;;;;;;;;;;;;;;1.76;0.05;7.34;-0.11;147.67;51.31;8.11;2361.57;31.3;0.35;3.2;0.33;Generative CVAE;Hf0.04Mo0.15Nb0.16Sc0.16Ta0.16Ti0.16Zr0.16;Nb0.2Sc0.2Ta0.2Ti0.1Zr0.11Mo0.2;True;705.41492793;
0.18;0.18;0.18;0.18;0.09;0.18;;;;;;;;;;;;;;;;;;;;;;;;;;;;;;;;;;1.77;0.05;7.09;-0.13;151.19;49.41;8.06;2333.22;31.3;0.33;2.84;0.33;Generative CVAE;Hf0.04Mo0.15Nb0.16Sc0.16Ta0.16Ti0.16Zr0.16;Nb0.18Sc0.18Ta0.18Ti0.18Zr0.09Mo0.18;True;636.0825901860001;
0.22;;0.08;0.2;;0.23;;;;;;;;;;;;;;;;;;;;;;;;;;;;;;;0.27;;;1.54;0.03;6.93;-0.19;140.32;62.1;7.03;1843.04;31.93;0.44;1.3;0.32;Hamming & Gradient Augmentation;Ag0.12Mg0.31Mn0.2Nb0.28Ta0.09;Nb0.22Ta0.08Ti0.2Mo0.23Rh0.27;True;36369.5329715;759.0451095100001
0.14;0.22;0.22;0.18;0.02;0.22;;;;;;;;;;;;;;;;;;;;;;;;;;;;;;;;;;1.67;0.05;7.65;-0.13;150.41;50.56;8.24;2321.93;31.32;0.34;2.53;0.32;Generative CVAE;Hf0.04Mo0.15Nb0.16Sc0.16Ta0.16Ti0.16Zr0.16;Nb0.14Sc0.22Ta0.22Ti0.18Zr0.02Mo0.22;True;749.341188634;
0.2;0.2;0.2;0.2;;0.2;;;;;;;;;;;;;;;;;;;;;;;;;;;;;;;;;;1.61;0.05;7.4;-0.14;155.08;54.74;8.05;2283.23;31.71;0.35;2.2;0.33;Brute Force HEA;Hf0.04Mo0.15Nb0.16Sc0.16Ta0.16Ti0.16Zr0.16;Nb0.2Sc0.2Ta0.2Ti0.2Mo0.2;True;692.07162714;
0.17;0.17;0.17;0.17;0.17;0.17;;;;;;;;;;;;;;;;;;;;;;;;;;;;;;;;;;1.79;0.05;6.83;-0.11;152.11;48.34;8.12;2308.91;31.3;0.32;3.19;0.33;Generative CVAE;Hf0.04Mo0.15Nb0.16Sc0.16Ta0.16Ti0.16Zr0.16;Nb0.17Sc0.17Ta0.17Ti0.17Zr0.17Mo0.17;True;613.228453949;
0.15;0.15;0.15;0.15;0.15;0.15;;;;0.08;;;;;;;;;;;;;;;;;;;;;;;;;;;;;;1.93;0.05;7.77;-0.1;151.07;48.65;8.36;2280.61;31.38;0.32;3.62;0.35;Generative CVAE;Hf0.04Mo0.15Nb0.16Sc0.16Ta0.16Ti0.16Zr0.16;Nb0.15Sc0.15Ta0.15Ti0.15Zr0.15Mo0.15Hf0.08;True;556.8624459549999;
0.16;0.16;0.16;0.16;0.16;0.16;;;;0.04;;;;;;;;;;;;;;;;;;;;;;;;;;;;;;1.89;0.05;7.29;-0.11;148.46;47.24;8.05;2309.53;31.3;0.32;3.31;0.33;Generative CVAE;Hf0.04Mo0.15Nb0.16Sc0.16Ta0.16Ti0.16Zr0.16;Nb0.16Sc0.16Ta0.16Ti0.16Zr0.16Mo0.16Hf0.04;True;585.0454499520001;
0.16;0.16;0.16;0.16;0.16;0.16;;;;;;;;;0.02;;;;;;;;;;;;;;;;;;;;;;;;;1.86;0.05;7.14;-0.12;154.42;51.14;8.05;2251.57;31.22;0.33;3.09;0.36;Generative CVAE;Hf0.04Mo0.15Nb0.16Sc0.16Ta0.16Ti0.16Zr0.16;Nb0.16Sc0.16Ta0.16Ti0.16Zr0.16Mo0.16W0.02;True;579.281382352;
0.21;0.39;;0.03;0.1;;;;;0.24;;;;0.03;;;;;;;;;;;;;;;;;;;;;;;;;;1.48;0.04;7.18;-0.05;116.66;46.41;7.04;1986.8;31.29;0.4;5.5;0.31;Generative CVAE;Hf0.04Mo0.15Nb0.16Sc0.16Ta0.16Ti0.16Zr0.16;Nb0.21Sc0.39Ti0.03Zr0.1Hf0.24V0.03;True;1066.3118129979998;
0.31;0.39;0.01;0.01;0.07;;;;;0.21;;;;;;;;;;;;;;;;;;;;;;;;;;;;;;1.32;0.04;7.05;-0.07;123.95;47.59;7.39;1997.11;31.31;0.38;3.12;0.34;Generative CVAE;Hf0.04Mo0.15Nb0.16Sc0.16Ta0.16Ti0.16Zr0.16;Nb0.31Sc0.39Ta0.01Ti0.01Zr0.07Hf0.21;True;1074.7355151529998;
0.25;0.32;;;;;;;;;;;0.21;;0.11;;;;;;;0.01;;0.1;;;;;;;;;;;;;;;;1.56;0.06;7.09;-0.1;133.42;54.42;7.33;2019.66;31.04;0.41;2.72;0.28;Annealing;Hf0.04Mo0.15Nb0.16Sc0.16Ta0.16Ti0.16Zr0.16;Nb0.25Sc0.32Mg0.21W0.11Te0.01Re0.1;True;1007.2018158989999;
0.29;0.35;;;;;;;;;;;;;;;;;;0.05;0.09;;0.22;;;;;;;;;;;;;;;;;1.41;0.04;7.64;-0.16;177.12;77.05;8.24;1740.82;31.72;0.44;1.3;0.22;Hamming & Gradient Augmentation;Hf0.04Mo0.15Nb0.16Sc0.16Ta0.16Ti0.16Zr0.16;Nb0.29Sc0.35Cd0.05Sb0.09Cu0.22;True;916.2186824524999;
0.32;0.42;0.17;;;;;;;;;;;;;;;;;0.04;;0.05;;;;;;;;;;;;;;;;;;1.31;0.05;7.37;-0.18;119.87;42.99;7.32;1838.09;31.21;0.36;1.14;0.32;Annealing;Hf0.04Mo0.15Nb0.16Sc0.16Ta0.16Ti0.16Zr0.16;Nb0.32Sc0.42Ta0.17Cd0.04Te0.05;True;1224.440011538;
0.34;0.45;;;;;;;;;;;;;;;;;;0.07;;;;0.09;;0.04;;;;;;;;;;;;;;1.36;0.05;6.71;-0.19;108.3;44.83;6.63;1573.39;31.21;0.41;0.99;0.25;Hamming & Gradient Augmentation;Hf0.04Mo0.15Nb0.16Sc0.16Ta0.16Ti0.16Zr0.16;Nb0.34Sc0.45Cd0.07Re0.09Hg0.04;True;1314.8954957795;
0.33;0.32;;;;;;;;;;;;;;;;;;0.05;;0.05;;;;;;;;;0.25;;;;;;;;;1.25;0.03;7.04;-0.16;188.43;76.9;8.33;1737.27;31.72;0.41;1.17;0.23;Hamming & Gradient Augmentation;Ag0.12Mg0.31Mn0.2Nb0.28Ta0.09;Nb0.33Sc0.32Cd0.05Te0.05Ni0.25;True;850.1262644415;
0.29;0.42;0.12;;;;;;;;;;;;;;0.01;0.15;;;;;;;;;;;;;;;;;;;;;;1.58;0.04;6.8;-0.18;107.96;41.5;6.58;1767.18;31.34;0.38;1.35;0.26;Hamming & Gradient Augmentation;Hf0.04Mo0.15Nb0.16Sc0.16Ta0.16Ti0.16Zr0.16;Nb0.29Sc0.42Ta0.12Ag0.15In0.01;True;1294.206549644;
0.29;0.35;;;;;;;;;;;;;;;;0.2;;0.11;;;;;;;;;;;;;;0.04;;;;;;1.29;0.05;7.22;-0.09;164.52;72.49;8.35;1501.92;31.04;0.44;1.93;0.23;Hamming & Gradient Augmentation;Hf0.04Mo0.15Nb0.16Sc0.16Ta0.16Ti0.16Zr0.16;Nb0.29Sc0.35Ag0.2Cd0.11Au0.04;True;4408.0124183735;
0.03;0.48;;0.06;0.19;;;;;0.24;;;;;;;;;;;;;;;;;;;;;;0.01;;;;;;;;1.33;0.04;7.07;-0.06;103.77;42.31;6.52;1811.63;31.33;0.41;3.66;0.23;Annealing;Hf0.04Mo0.15Nb0.16Sc0.16Ta0.16Ti0.16Zr0.16;Nb0.03Sc0.48Ti0.06Zr0.19Hf0.24Ir0.01;True;1357.1800460460001;
0.03;0.35;0.03;0.1;0.26;;0.03;;;0.13;;;;0.03;0.04;;;;;;;;;;;;;;;;;;;;;;;;;1.77;0.05;6.72;-0.07;118.39;44.66;6.97;1963.24;31.31;0.38;4.27;0.24;Generative CVAE;Hf0.04Mo0.15Nb0.16Sc0.16Ta0.16Ti0.16Zr0.16;Nb0.03Sc0.35Ta0.03Ti0.1Zr0.26Cr0.03Hf0.13V0.03W0.04;True;968.915004357;
;0.3;0.3;0.09;0.3;;;;;;;0.02;;;;;;;;;;;;;;;;;;;;;;;;;;;;1.38;0.06;8.15;-0.1;129.85;44.33;7.81;2048.52;31.31;0.34;2.51;0.3;Generative CVAE;Hf0.04Mo0.15Nb0.16Sc0.16Ta0.16Ti0.16Zr0.16;Sc0.3Ta0.3Ti0.09Zr0.3Si0.02;True;1020.38201023;
;0.33;0.21;;0.22;;;;;;;;0.2;;;;;;;;;;;;;0.04;;;;;;;;;;;;;;1.49;0.06;6.99;-0.09;121.53;50.95;6.91;1650.79;31.36;0.42;2.29;0.27;Hamming & Gradient Augmentation;Hf0.04Mo0.15Nb0.16Sc0.16Ta0.16Ti0.16Zr0.16;Sc0.33Ta0.21Zr0.22Mg0.2Hg0.04;True;1012.585862936;
;0.34;0.17;;0.21;;;0.21;;;;;;;;;;;;0.07;;;;;;;;;;;;;;;;;;;;1.44;0.04;6.78;-0.15;111.48;46.71;6.79;1629.02;31.29;0.42;1.36;0.28;Hamming & Gradient Augmentation;Hf0.04Mo0.15Nb0.16Sc0.16Ta0.16Ti0.16Zr0.16;Sc0.34Ta0.17Zr0.21Mn0.21Cd0.07;True;1003.3947087730851;
;0.32;0.13;;0.21;;;;;0.08;;;;0.24;;;;;;;;;;;;;;;;;;;0.03;;;;;;;1.6;0.07;7.7;-0.08;127.94;56.58;7.5;1993.46;31.18;0.44;3.58;0.24;Annealing;Hf0.04Mo0.15Nb0.16Sc0.16Ta0.16Ti0.16Zr0.16;Sc0.32Ta0.13Zr0.21Hf0.08V0.24Bi0.03;True;983.401768004;
;0.41;0.22;;0.25;;;;;0.04;;;;;;0.08;;;;;;;;;;;;;;;;;;;;;;;;1.38;0.06;7.37;-0.02;119.39;43.35;7.3;1992.61;31.28;0.36;10.2;0.33;Annealing;Hf0.04Mo0.15Nb0.16Sc0.16Ta0.16Ti0.16Zr0.16;Sc0.41Ta0.22Zr0.25Hf0.04Y0.08;True;1237.629436612;
0.05;0.43;0.25;0.18;0.09;;;;;;;;;;;;;;;;;;;;;;;;;;;;;;;;;;;1.39;0.05;7.34;-0.07;124.83;47.39;7.23;2097.37;31.31;0.38;3.79;0.34;Generative CVAE;Hf0.04Mo0.15Nb0.16Sc0.16Ta0.16Ti0.16Zr0.16;Nb0.05Sc0.43Ta0.25Ti0.18Zr0.09;True;1282.155153486;
;0.24;;0.21;;;;0.19;;;;;0.14;;0.19;;;;;;;;;;;0.02;;;;;;;;;;;;;;1.66;0.06;7.57;-0.12;139.8;65.2;7.41;1781.45;31.2;0.47;2.12;0.27;Annealing;Hf0.04Mo0.15Nb0.16Sc0.16Ta0.16Ti0.16Zr0.16;Sc0.24Ti0.21Mn0.19Mg0.14W0.19Hg0.02;True;620.441586552815;
;0.27;0.22;0.22;;;;;;;;;0.23;;;;0.06;;;;;;;;;;;;;;;;;;;;;;;1.53;0.05;7.11;-0.1;115.36;49.33;6.65;1821.12;31.36;0.43;2.31;0.27;Annealing;Hf0.04Mo0.15Nb0.16Sc0.16Ta0.16Ti0.16Zr0.16;Sc0.27Ta0.22Ti0.22Mg0.23In0.06;True;863.6739933389999;
;0.32;0.12;0.26;;;;0.22;;;;;;;;;0.05;;;;;;;;;;;;;;;;0.03;;;;;;;1.56;0.06;7.34;-0.13;119.98;44.74;6.88;1840.02;31.3;0.37;1.93;0.29;Annealing;Hf0.04Mo0.15Nb0.16Sc0.16Ta0.16Ti0.16Zr0.16;Sc0.32Ta0.12Ti0.26Mn0.22In0.05Bi0.03;True;906.76837006747;
;0.33;;0.39;;;;;;;;;;;0.06;;;;;;0.14;;;;;;;;;0.07;;;;;;;;;;1.34;0.03;7.12;-0.17;183.63;80.14;8.24;1969.19;31.85;0.44;1.31;0.27;Hamming & Gradient Augmentation;Hf0.04Mo0.15Nb0.16Sc0.16Ta0.16Ti0.16Zr0.16;Sc0.33Ti0.39W0.06Sb0.14Zn0.07;True;833.525485171;
;0.41;0.13;0.32;;;;;;0.02;;;;;0.08;;0.04;;;;;;;;;;;;;;;;;;;;;;;1.4;0.07;7.46;-0.12;127.51;54.25;6.92;1897.32;31.09;0.43;1.97;0.27;Annealing;Hf0.04Mo0.15Nb0.16Sc0.16Ta0.16Ti0.16Zr0.16;Sc0.41Ta0.13Ti0.32Hf0.02W0.08In0.04;True;1145.808906612;
;0.22;;;;;;;;;;;0.31;0.21;0.15;;;;;;;;;;;0.1;;;;;;;;;;;;;;1.58;0.07;7.14;-0.13;160.31;60.32;7.1;2070.92;31.3;0.38;2.14;0.31;Hamming & Gradient Augmentation;Hf0.04Mo0.15Nb0.16Sc0.16Ta0.16Ti0.16Zr0.16;Sc0.22V0.21Mg0.31W0.15Hg0.1;True;603.315106354;
;0.27;0.23;;;;;;;;;;0.43;;;0.03;;;;;;;;;;;;;;;;;;0.03;;;;;;1.27;0.05;6.95;-0.15;94.08;39.65;6.21;1786.57;31.44;0.42;1.27;0.08;Annealing;Hf0.04Mo0.15Nb0.16Sc0.16Ta0.16Ti0.16Zr0.16;Sc0.27Ta0.23Mg0.43Y0.03Au0.03;True;3361.4692429039997;
;0.42;0.1;;;;;;;0.11;;;0.33;;;;0.04;;;;;;;;;;;;;;;;;;;;;;;1.52;0.05;7.08;-0.15;117.11;44.85;6.64;1864.9;31.4;0.38;1.62;0.29;Hamming & Gradient Augmentation;Hf0.04Mo0.15Nb0.16Sc0.16Ta0.16Ti0.16Zr0.16;Sc0.42Ta0.1Hf0.11Mg0.33In0.04;True;1150.413422819;
;0.43;0.18;;;;;;;;;;0.26;;;;0.07;;;0.05;;;;;;;;;;;;;;;;;;;;1.47;0.06;6.81;-0.12;118.41;50.78;6.24;1708.52;31.14;0.43;1.75;0.3;Hamming & Gradient Augmentation;Hf0.04Mo0.15Nb0.16Sc0.16Ta0.16Ti0.16Zr0.16;Sc0.43Ta0.18Mg0.26In0.07Cd0.05;True;1224.6158138684998;
;0.41;0.16;;;;;;;;;;0.24;;;;;0.16;;;;;;;;;;;;;;0.04;;;;;;;;1.34;0.06;7.53;-0.18;172.39;76.7;7.83;2007.76;31.36;0.44;1.31;0.29;Hamming & Gradient Augmentation;Hf0.04Mo0.15Nb0.16Sc0.16Ta0.16Ti0.16Zr0.16;Sc0.41Ta0.16Mg0.24Ag0.16Ir0.04;True;1623.613985772;
;0.33;0.13;;;;;;0.24;;;;0.26;;;;;;;;;;;;;;;;;;;0.01;0.02;;;;;;;1.45;0.05;6.78;-0.16;93.95;43.59;5.97;1661.83;31.17;0.46;1.31;0.02;Annealing;Hf0.04Mo0.15Nb0.16Sc0.16Ta0.16Ti0.16Zr0.16;Sc0.33Ta0.13Fe0.24Mg0.26Ir0.01Bi0.02;True;1009.935103106;
0.24;0.35;0.11;;;;;;0.25;;;;;;;;0.03;;;;;;;;;;;;;;;;;;;0.01;;;;1.46;0.06;7.08;-0.11;125.64;44.63;7.37;1888.86;31.36;0.36;2.17;0.27;Annealing;Hf0.04Mo0.15Nb0.16Sc0.16Ta0.16Ti0.16Zr0.16;Nb0.24Sc0.35Ta0.11Fe0.25In0.03Pb0.01;True;999.424540245;
;0.33;0.12;;;0.24;;;0.24;;;;;;;;;;;;0.06;;;;;;;;;;;;;;;;;;;1.44;0.03;6.85;-0.16;149.37;62.32;7.75;1803.64;31.93;0.42;1.38;0.3;Hamming & Gradient Augmentation;Hf0.04Mo0.15Nb0.16Sc0.16Ta0.16Ti0.16Zr0.16;Sc0.33Ta0.12Mo0.24Fe0.24Sb0.06;True;912.0737799960001;
;0.5;;;;;;;0.28;0.08;;;;;;;;0.08;;;0.06;;;;;;;;;;;;;;;;;;;1.44;0.07;6.78;-0.17;97.67;48.25;6.55;1487.52;30.78;0.49;1.1;0.01;Hamming & Gradient Augmentation;Hf0.04Mo0.15Nb0.16Sc0.16Ta0.16Ti0.16Zr0.16;Sc0.5Fe0.28Hf0.08Ag0.08Sb0.06;True;1309.7939314600003;
;0.25;0.13;;;;;0.17;0.23;;;;;0.22;;;;;;;;;;;;;;;;;;;;;;;;;;1.59;0.06;7.5;-0.16;139.62;57.62;7.31;1854.97;31.02;0.41;1.62;0.26;Hamming & Gradient Augmentation;Co0.06Cr0.14Fe0.22Mn0.07Mo0.24Ru0.05Si0.04V0.14W0.05;Sc0.25Ta0.13Mn0.17Fe0.23V0.22;True;760.4555628190451;
;0.3;0.12;0.19;;0.18;;;0.2;;;;;;;;;;;;;;;;;;;;;;;;;;;;;;;1.29;0.03;6.94;-0.18;134.0;59.12;7.09;1887.56;31.93;0.44;1.15;0.27;Hamming & Gradient Augmentation;Hf0.04Mo0.15Nb0.16Sc0.16Ta0.16Ti0.16Zr0.16;Sc0.3Ta0.12Ti0.19Mo0.18Fe0.2;True;841.552027535;
;0.47;0.07;;;;;;;0.14;;;;;;0.22;0.11;;;;;;;;;;;;;;;;;;;;;;;1.32;0.07;6.94;-0.1;95.44;37.28;6.56;1811.77;31.2;0.39;2.14;0.28;Hamming & Gradient Augmentation;Hf0.04Mo0.15Nb0.16Sc0.16Ta0.16Ti0.16Zr0.16;Sc0.47Ta0.07Hf0.14Y0.22In0.11;True;1302.862973804;
;0.55;0.19;;;;;;;0.04;;;;0.18;;;0.03;;;;0.02;;;;;;;;;;;;;;;;;;;1.26;0.06;7.5;-0.09;118.87;51.14;6.55;1900.94;31.21;0.43;2.19;0.24;Annealing;Hf0.04Mo0.15Nb0.16Sc0.16Ta0.16Ti0.16Zr0.16;Sc0.55Ta0.19Hf0.04V0.18In0.03Sb0.02;True;1555.65312171;
;0.51;0.07;;;;;;;0.1;;;;0.17;;;;0.14;;;;;;;;;;;;;;;;;;;;;;1.51;0.07;7.98;-0.16;143.95;47.09;7.89;1810.66;31.3;0.33;1.44;0.31;Hamming & Gradient Augmentation;Hf0.04Mo0.15Nb0.16Sc0.16Ta0.16Ti0.16Zr0.16;Sc0.51Ta0.07Hf0.1V0.17Ag0.14;True;1468.715796297;
;0.49;0.09;;;;;0.27;;0.07;;;;;0.03;;0.04;;;;;;;;;;;;;;;;;;;;;;;1.34;0.06;7.53;-0.12;109.1;39.61;6.56;1772.75;31.21;0.36;1.73;0.25;Annealing;Hf0.04Mo0.15Nb0.16Sc0.16Ta0.16Ti0.16Zr0.16;Sc0.49Ta0.09Mn0.27Hf0.07W0.03In0.04;True;1308.5462143608952;
0.25;0.37;0.09;;;;;0.25;;;;;;;0.04;;;;;;;;;;;;;;;;;;;;;;;;;1.36;0.05;7.12;-0.13;118.19;45.24;7.15;1834.48;31.21;0.38;1.67;0.31;Hamming & Gradient Augmentation;Hf0.04Mo0.15Nb0.16Sc0.16Ta0.16Ti0.16Zr0.16;Nb0.25Sc0.37Ta0.09Mn0.25W0.04;True;1030.801875581125;
0.28;0.26;;;;;;0.24;;;;;;;;0.01;;;;;0.21;;;;;;;;;;;;;;;;;;;1.27;0.05;7.04;-0.07;157.68;69.51;8.29;1703.16;31.14;0.44;2.62;0.2;Hamming & Gradient Augmentation;Hf0.04Mo0.15Nb0.16Sc0.16Ta0.16Ti0.16Zr0.16;Nb0.28Sc0.26Mn0.24Y0.01Sb0.21;True;694.9165147812402;
0.19;0.19;0.19;0.19;0.19;;;;;0.06;;;;;;;;;;;;;;;;;;;;;;;;;;;;;;1.74;0.05;7.63;-0.05;142.26;55.71;8.04;2209.87;31.4;0.39;6.9;0.31;Generative CVAE;Hf0.04Mo0.15Nb0.16Sc0.16Ta0.16Ti0.16Zr0.16;Nb0.19Sc0.19Ta0.19Ti0.19Zr0.19Hf0.06;True;694.426423943;
0.18;0.18;0.18;0.18;0.18;0.07;;;;0.02;;;;;;;;;;;;;;;;;;;;;;;;;;;;;;1.82;0.05;7.2;-0.07;146.04;52.16;8.03;2278.38;31.4;0.36;4.83;0.34;Generative CVAE;Hf0.04Mo0.15Nb0.16Sc0.16Ta0.16Ti0.16Zr0.16;Nb0.18Sc0.18Ta0.18Ti0.18Zr0.18Mo0.07Hf0.02;True;651.635615946;
0.23;0.23;0.23;0.17;0.12;0.03;;;;;;;;;;;;;;;;;;;;;;;;;;;;;;;;;;1.66;0.05;7.45;-0.04;139.56;50.29;7.97;2207.07;31.32;0.36;8.44;0.34;Generative CVAE;Hf0.04Mo0.15Nb0.16Sc0.16Ta0.16Ti0.16Zr0.16;Nb0.23Sc0.23Ta0.23Ti0.17Zr0.12Mo0.03;True;808.8924471410002;
0.2;0.2;0.2;0.18;0.2;0.03;;;;;;;;;;;;;;;;;;;;;;;;;;;;;;;;;;1.69;0.05;7.03;-0.05;142.36;53.23;7.84;2187.98;31.4;0.37;6.63;0.34;Generative CVAE;Hf0.04Mo0.15Nb0.16Sc0.16Ta0.16Ti0.16Zr0.16;Nb0.2Sc0.2Ta0.2Ti0.18Zr0.2Mo0.03;True;718.3950396900001;
0.3;0.35;0.22;;;0.14;;;;;;;;;;;;;;;;;;;;;;;;;;;;;;;;;;1.33;0.05;7.46;-0.13;142.91;51.88;8.15;2312.72;31.4;0.36;2.08;0.36;Generative CVAE;Hf0.04Mo0.15Nb0.16Sc0.16Ta0.16Ti0.16Zr0.16;Nb0.3Sc0.35Ta0.22Mo0.14;True;1088.22948662;
0.25;0.31;0.21;;;;;;;;;;0.19;;;;;;;;;;;;;0.04;;;;;;;;;;;;;;1.54;0.04;7.61;-0.11;128.17;55.71;7.44;1742.59;31.37;0.43;2.05;0.31;Hamming & Gradient Augmentation;Hf0.04Mo0.15Nb0.16Sc0.16Ta0.16Ti0.16Zr0.16;Nb0.25Sc0.31Ta0.21Mg0.19Hg0.04;True;973.833582617;
0.42;0.25;0.22;0.02;0.05;0.02;;;;;;;;0.02;;;;;;;;;;;;;;;;;;;;;;;;;;1.44;0.05;7.47;-0.02;141.51;47.04;8.14;2277.08;31.31;0.33;13.46;0.39;Generative CVAE;Hf0.04Mo0.15Nb0.16Sc0.16Ta0.16Ti0.16Zr0.16;Nb0.42Sc0.25Ta0.22Ti0.02Zr0.05Mo0.02V0.02;True;872.2061672;
0.27;0.27;0.27;0.05;0.11;0.03;;;;;;;;;;;;;;;;;;;;;;;;;;;;;;;;;;1.56;0.05;8.11;-0.03;142.67;46.73;8.26;2280.31;31.4;0.33;8.97;0.36;Generative CVAE;Hf0.04Mo0.15Nb0.16Sc0.16Ta0.16Ti0.16Zr0.16;Nb0.27Sc0.27Ta0.27Ti0.05Zr0.11Mo0.03;True;940.7532379290001;
0.26;0.31;;;0.24;;;;;;;;;;;;;;;;;;;;0.09;;;;;;;;0.09;;;;;;;1.48;0.04;7.18;-0.16;151.51;63.43;8.3;2027.46;31.28;0.42;1.59;0.27;Hamming & Gradient Augmentation;Hf0.04Mo0.15Nb0.16Sc0.16Ta0.16Ti0.16Zr0.16;Nb0.26Sc0.31Zr0.24Ge0.09Bi0.09;True;853.549034972;
0.23;0.23;0.23;;0.23;0.07;;;;;;;;;;;;;;;;;;;;;;;;;;;;;;;;;;1.54;0.04;7.66;-0.05;142.86;47.55;8.17;2369.7;31.41;0.33;6.62;0.38;Generative CVAE;Hf0.04Mo0.15Nb0.16Sc0.16Ta0.16Ti0.16Zr0.16;Nb0.23Sc0.23Ta0.23Zr0.23Mo0.07;True;820.8525735560002;
0.22;0.22;0.22;0.07;0.22;0.04;;;;;;;;;;;;;;;;;;;;;;;;;;;;;;;;;;1.66;0.05;7.4;-0.02;140.6;46.56;7.92;2207.54;31.38;0.33;17.72;0.38;Generative CVAE;Hf0.04Mo0.15Nb0.16Sc0.16Ta0.16Ti0.16Zr0.16;Nb0.22Sc0.22Ta0.22Ti0.07Zr0.22Mo0.04;True;786.737382559;
0.21;0.34;0.18;0.22;;;;;;;;;;;0.05;;;;;;;;;;;;;;;;;;;;;;;;;1.49;0.06;7.37;-0.1;141.83;54.85;7.57;2162.65;31.22;0.39;2.86;0.33;Annealing;Hf0.04Mo0.15Nb0.16Sc0.16Ta0.16Ti0.16Zr0.16;Nb0.21Sc0.34Ta0.18Ti0.22W0.05;True;1026.357579638;
0.24;0.29;0.16;0.14;0.07;;;;;0.03;;;;0.07;;;;;;;;;;;;;;;;;;;;;;;;;;1.74;0.06;6.81;-0.05;137.74;52.55;7.58;2204.75;31.31;0.38;6.53;0.3;Generative CVAE;Hf0.04Mo0.15Nb0.16Sc0.16Ta0.16Ti0.16Zr0.16;Nb0.24Sc0.29Ta0.16Ti0.14Zr0.07Hf0.03V0.07;True;914.506704033;
0.25;0.2;0.17;0.18;0.07;;;;;0.02;;;;0.12;;;;;;;;;;;;;;;;;;;;;;;;;;1.79;0.06;6.99;-0.06;149.14;57.14;7.96;2280.24;31.2;0.38;5.9;0.3;Generative CVAE;Hf0.04Mo0.15Nb0.16Sc0.16Ta0.16Ti0.16Zr0.16;Nb0.25Sc0.2Ta0.17Ti0.18Zr0.07Hf0.02V0.12;True;710.71449407;
0.21;0.2;;;;;;;;;;;0.09;0.23;;;;;;;0.28;;;;;;;;;;;;;;;;;;;1.48;0.06;6.77;-0.05;173.18;72.03;8.18;1621.07;31.15;0.42;4.29;0.24;Hamming & Gradient Augmentation;Hf0.04Mo0.15Nb0.16Sc0.16Ta0.16Ti0.16Zr0.16;Nb0.21Sc0.2V0.23Mg0.09Sb0.28;True;578.13081189;
0.27;0.3;0.14;;;;;;;;;;;0.24;;;;;;;;;;0.06;;;;;;;;;;;;;;;;1.28;0.05;7.44;-0.19;188.6;72.37;8.62;2031.8;31.26;0.38;1.2;0.3;Hamming & Gradient Augmentation;Hf0.04Mo0.15Nb0.16Sc0.16Ta0.16Ti0.16Zr0.16;Nb0.27Sc0.3Ta0.14V0.24Re0.06;True;1037.5713293600002;
;0.28;0.22;;;;;;;;;;0.16;0.26;;;0.08;;;;;;;;;;;;;;;;;;;;;;;1.58;0.06;6.96;-0.14;144.18;55.99;6.92;1868.96;31.3;0.39;1.77;0.28;Hamming & Gradient Augmentation;Hf0.04Mo0.15Nb0.16Sc0.16Ta0.16Ti0.16Zr0.16;Sc0.28Ta0.22V0.26Mg0.16In0.08;True;936.6876297460001;
;0.21;0.2;0.3;;;;;;;;;;0.25;;;;;0.01;;;;;;;;;;;;;;0.02;;;;;;;1.49;0.06;7.67;-0.13;156.94;64.69;7.34;2058.85;31.04;0.41;2.04;0.32;Annealing;Hf0.04Mo0.15Nb0.16Sc0.16Ta0.16Ti0.16Zr0.16;Sc0.21Ta0.2Ti0.3V0.25Ga0.01Bi0.02;True;731.984835007;
0.21;0.16;0.19;0.17;0.06;0.03;;;;;;;;0.17;;;;;;;;;;;;;;;;;;;;;;;;;;1.82;0.05;7.18;-0.07;166.73;61.67;8.06;2241.97;31.28;0.37;4.72;0.3;Generative CVAE;Hf0.04Mo0.15Nb0.16Sc0.16Ta0.16Ti0.16Zr0.16;Nb0.21Sc0.16Ta0.19Ti0.17Zr0.06Mo0.03V0.17;True;625.010941502;
;0.19;;;;0.27;;;;;;;0.1;;;0.11;;;;0.33;;;;;;;;;;;;;;;;;;;;1.51;0.06;7.41;-0.17;136.04;56.58;8.21;1724.22;31.45;0.42;1.31;0.35;Hamming & Gradient Augmentation;Hf0.04Mo0.15Nb0.16Sc0.16Ta0.16Ti0.16Zr0.16;Sc0.19Mo0.27Mg0.1Y0.11Cd0.33;True;491.16093365849997;
;0.29;;;;;;;;;;;0.15;;;0.06;;;;0.45;;;;;0.04;;;;;;;;;;;;;;;1.4;0.07;7.93;-0.19;101.35;38.31;7.56;1693.85;31.36;0.38;1.09;0.07;Hamming & Gradient Augmentation;Hf0.04Mo0.15Nb0.16Sc0.16Ta0.16Ti0.16Zr0.16;Sc0.29Mg0.15Y0.06Cd0.45Ge0.04;True;731.8381484355001;
0.2;0.15;;0.16;0.13;;;;;;;;;;;;;;;0.36;;;;;;;;;;;;;;;;;;;;1.53;0.04;7.32;-0.14;141.86;56.81;7.99;2061.68;31.37;0.4;1.95;0.26;Hamming & Gradient Augmentation;Hf0.04Mo0.15Nb0.16Sc0.16Ta0.16Ti0.16Zr0.16;Nb0.2Sc0.15Ti0.16Zr0.13Cd0.36;True;431.53908044600007;
;;0.11;;;;;;;;;;;;;;;;;;;;0.22;;0.07;;;0.56;0.04;;;;;;;;;;;1.36;0.06;7.32;-0.14;132.62;49.32;7.74;2033.01;31.14;0.37;1.69;0.31;Hamming & Gradient Augmentation;Co0.09Cr0.26Fe0.26Mn0.32Si0.07;Ta0.11Cu0.22Ge0.07Al0.56As0.04;True;95.22964678239201;
0.17;0.22;;;;;;;0.2;;;;;;;0.04;;0.38;;;;;;;;;;;;;;;;;;;;;;1.45;0.06;6.75;-0.1;120.39;49.38;7.26;1644.83;31.11;0.41;2.06;0.06;Hamming & Gradient Augmentation;Hf0.04Mo0.15Nb0.16Sc0.16Ta0.16Ti0.16Zr0.16;Nb0.17Sc0.22Fe0.2Y0.04Ag0.38;True;861.227617484;
0.25;;;0.23;;;;;;;;;0.12;;;;;0.26;;0.14;;;;;;;;;;;;;;;;;;;;1.48;0.03;7.49;-0.15;166.18;58.58;7.87;1612.61;31.86;0.35;1.38;0.29;Hamming & Gradient Augmentation;Ag0.12Mg0.31Mn0.2Nb0.28Ta0.09;Nb0.25Ti0.23Mg0.12Ag0.26Cd0.14;True;246.35594971400002;19.741128485500003
0.14;0.14;0.14;0.14;0.14;;;;;0.14;;;;0.14;;;;;;;;;;;;;;0.05;;;;;;;;;;;;2.05;0.07;8.0;-0.14;143.5;55.24;8.28;2034.58;31.02;0.38;2.64;0.26;Generative CVAE;Hf0.04Mo0.15Nb0.16Sc0.16Ta0.16Ti0.16Zr0.16;Nb0.14Sc0.14Ta0.14Ti0.14Zr0.14Hf0.14V0.14Al0.05;True;557.3391399555351;
0.09;0.18;0.18;0.09;0.18;;;;;0.04;;;;0.18;;;;;;;;;;;;;;0.05;;;;;;;;;;;;1.96;0.07;7.39;-0.13;138.3;57.83;7.97;2082.94;31.02;0.42;2.69;0.28;Generative CVAE;Hf0.04Mo0.15Nb0.16Sc0.16Ta0.16Ti0.16Zr0.16;Nb0.09Sc0.18Ta0.18Ti0.09Zr0.18Hf0.04V0.18Al0.05;True;670.8897772185351;
0.11;0.11;0.09;0.11;0.11;0.11;0.11;;;0.11;;;;0.11;;;;;;;;;;;;;;;;;;;;;;;;;;2.2;0.05;7.56;-0.08;156.59;58.25;8.33;2169.05;31.2;0.37;4.92;0.29;Generative CVAE;Hf0.04Mo0.15Nb0.16Sc0.16Ta0.16Ti0.16Zr0.16;Nb0.11Sc0.11Ta0.09Ti0.11Zr0.11Mo0.11Cr0.11Hf0.11V0.11;True;426.4779678059999;
0.17;0.17;0.17;;0.17;0.17;;;;0.04;;;;0.12;;;;;;;;;;;;;;;;;;;;;;;;;;1.88;0.05;7.51;-0.12;152.31;50.77;8.4;2308.52;31.22;0.33;3.17;0.32;Generative CVAE;Hf0.04Mo0.15Nb0.16Sc0.16Ta0.16Ti0.16Zr0.16;Nb0.17Sc0.17Ta0.17Zr0.17Mo0.17Hf0.04V0.12;True;639.0467160240001;
0.14;0.14;0.14;0.12;0.14;0.14;;;;0.05;;;;0.11;;;;;;;;;;;;;;;;;;;;;;;;;;2.04;0.05;7.22;-0.1;160.85;52.61;8.17;2264.86;31.2;0.33;4.02;0.33;Generative CVAE;Hf0.04Mo0.15Nb0.16Sc0.16Ta0.16Ti0.16Zr0.16;Nb0.14Sc0.14Ta0.14Ti0.12Zr0.14Mo0.14Hf0.05V0.11;True;535.128047183;
0.16;;;0.18;0.22;0.01;;;;0.25;;;0.18;;;;;;;;;;;;;;;;;;;;;;;;;;;1.64;0.04;7.32;-0.05;136.91;54.09;7.86;1960.85;31.44;0.4;5.43;0.3;Annealing;Hf0.04Mo0.15Nb0.16Sc0.16Ta0.16Ti0.16Zr0.16;Nb0.16Ti0.18Zr0.22Mo0.01Hf0.25Mg0.18;True;116.01381078;12.606910057000002
0.2;;;0.2;0.2;;;;;0.2;;;;0.2;;;;;;;;;;;;;;;;;;;;;;;;;;1.61;0.05;7.2;-0.04;163.17;62.86;8.31;2061.51;31.72;0.39;7.96;0.28;Brute Force HEA;Hf0.04Mo0.15Nb0.16Sc0.16Ta0.16Ti0.16Zr0.16;Nb0.2Ti0.2Zr0.2Hf0.2V0.2;True;146.6690298;14.871055120000001
0.26;;;0.28;;;;;;0.09;;;;0.29;;;;;;;0.08;;;;;;;;;;;;;;;;;;;1.59;0.06;7.22;-0.16;153.52;63.89;7.82;1919.3;31.19;0.42;1.6;0.23;Hamming & Gradient Augmentation;Hf0.04Mo0.15Nb0.16Sc0.16Ta0.16Ti0.16Zr0.16;Nb0.26Ti0.28Hf0.09V0.29Sb0.08;True;126.48034862499999;12.385559662499999
0.2;;0.2;0.2;0.2;;;;;;;;;0.2;;;;;;;;;;;;;;;;;;;;;;;;;;1.61;0.05;7.4;-0.05;175.19;66.41;8.82;2120.41;31.82;0.38;5.84;0.32;Brute Force HEA;Hf0.04Mo0.15Nb0.16Sc0.16Ta0.16Ti0.16Zr0.16;Nb0.2Ta0.2Ti0.2Zr0.2V0.2;True;263.2016398;23.129590120000003
0.31;;0.14;0.28;0.22;;;;;0.02;;;;;0.03;;;;;;;;;;;;;;;;;;;;;;;;;1.51;0.04;7.17;-0.05;171.36;64.01;8.67;2200.96;31.33;0.37;5.33;0.27;Annealing;Hf0.04Mo0.15Nb0.16Sc0.16Ta0.16Ti0.16Zr0.16;Nb0.31Ta0.14Ti0.28Zr0.22Hf0.02W0.03;True;209.78433118;19.476583081999998
0.18;0.18;0.07;0.18;0.18;;;;;0.18;;;;;;;;;;;;;;;;;;;;;;;;;;;;;;1.75;0.05;7.69;-0.06;139.48;48.01;8.05;1992.79;31.36;0.34;4.99;0.3;Generative CVAE;Hf0.04Mo0.15Nb0.16Sc0.16Ta0.16Ti0.16Zr0.16;Nb0.18Sc0.18Ta0.07Ti0.18Zr0.18Hf0.18;True;596.3798799460001;
0.2;0.2;;0.2;0.2;;;;;0.2;;;;;;;;;;;;;;;;;;;;;;;;;;;;;;1.61;0.05;6.8;-0.02;131.34;47.91;7.68;2011.42;31.72;0.36;14.19;0.31;Brute Force HEA;Hf0.04Mo0.15Nb0.16Sc0.16Ta0.16Ti0.16Zr0.16;Nb0.2Sc0.2Ti0.2Zr0.2Hf0.2;True;601.9858499400001;
0.23;0.23;;0.08;0.23;;;;;0.23;;;;;;;;;;;;;;;;;;;;;;;;;;;;;;1.56;0.04;7.21;-0.05;125.35;44.17;7.79;1996.09;31.31;0.35;5.23;0.32;Generative CVAE;Hf0.04Mo0.15Nb0.16Sc0.16Ta0.16Ti0.16Zr0.16;Nb0.23Sc0.23Ti0.08Zr0.23Hf0.23;True;688.065448056;
0.15;0.19;;0.18;;;;;;0.24;;;;0.23;;;;;;;;;;;;;;;;;;;;;;;;;;1.6;0.06;7.6;-0.07;146.9;57.0;7.9;2125.87;31.62;0.39;4.33;0.31;Brute Force HEA;Hf0.04Mo0.15Nb0.16Sc0.16Ta0.16Ti0.16Zr0.16;Nb0.15Sc0.19Ti0.18Hf0.24V0.23;True;590.213899833;
0.22;0.23;;0.04;0.06;;;;;0.23;;;;0.23;;;;;;;;;;;;;;;;;;;;;;;;;;1.64;0.06;7.4;-0.05;127.37;51.44;7.85;2069.68;31.22;0.4;6.34;0.31;Generative CVAE;Hf0.04Mo0.15Nb0.16Sc0.16Ta0.16Ti0.16Zr0.16;Nb0.22Sc0.23Ti0.04Zr0.06Hf0.23V0.23;True;703.781206351;
0.19;0.19;0.03;0.09;0.12;;;;;0.18;;;;0.19;;;;;;;;;;;;;;;;;;;;;;;;;;1.83;0.06;7.17;-0.06;133.11;56.41;7.85;2086.25;31.22;0.42;5.69;0.31;Generative CVAE;Hf0.04Mo0.15Nb0.16Sc0.16Ta0.16Ti0.16Zr0.16;Nb0.19Sc0.19Ta0.03Ti0.09Zr0.12Hf0.18V0.19;True;616.175184988;
0.1;0.19;;0.44;0.03;;;;;0.23;;;;;0.02;;;;;;;;;;;;;;;;;;;;;;;;;1.42;0.06;7.5;-0.07;136.74;51.93;7.6;2050.56;31.22;0.38;3.78;0.3;Generative CVAE;Hf0.04Mo0.15Nb0.16Sc0.16Ta0.16Ti0.16Zr0.16;Nb0.1Sc0.19Ti0.44Zr0.03Hf0.23W0.02;True;549.963732228;
0.08;0.32;;0.19;0.13;;;;;0.25;;;;;;0.01;;;0.01;;;;;;;;;;;;;;;;;;;;;1.59;0.05;7.37;-0.05;119.97;51.35;7.06;1931.97;31.44;0.43;5.55;0.3;Annealing;Hf0.04Mo0.15Nb0.16Sc0.16Ta0.16Ti0.16Zr0.16;Nb0.08Sc0.32Ti0.19Zr0.13Hf0.25Y0.01Ga0.01;True;879.693780919;
;0.22;0.06;0.22;0.26;;;;;0.25;;;;;;;;;;;;;;;;;;;;;;;;;;;;;;1.53;0.05;8.12;-0.02;127.81;43.87;8.18;2009.39;31.72;0.34;15.49;0.3;Brute Force HEA;Hf0.04Mo0.15Nb0.16Sc0.16Ta0.16Ti0.16Zr0.16;Sc0.22Ta0.06Ti0.22Zr0.26Hf0.25;True;682.957028994;
0.21;0.16;0.01;0.22;;;;;;0.25;;;0.15;;;;;;;;;;;;;;;;;;;;;;;;;;;1.63;0.05;7.4;-0.03;128.62;51.73;7.56;1947.58;31.4;0.4;9.12;0.31;Annealing;Hf0.04Mo0.15Nb0.16Sc0.16Ta0.16Ti0.16Zr0.16;Nb0.21Sc0.16Ta0.01Ti0.22Hf0.25Mg0.15;True;495.326118587;
0.22;0.22;;0.22;0.07;;;;;0.22;;;;0.04;;;;;;;;;;;;;;;;;;;;;;;;;;1.65;0.05;7.15;-0.06;129.11;51.84;7.74;2057.08;31.31;0.4;4.84;0.31;Generative CVAE;Hf0.04Mo0.15Nb0.16Sc0.16Ta0.16Ti0.16Zr0.16;Nb0.22Sc0.22Ti0.22Zr0.07Hf0.22V0.04;True;647.7241322339999;
0.29;;0.17;;0.28;;;;;;;;0.2;;;;0.05;;;;;;;;;;;;;;;;;;;0.01;;;;1.53;0.04;7.13;-0.11;137.4;44.56;8.0;1849.49;31.9;0.32;2.18;0.26;Annealing;Hf0.04Mo0.15Nb0.16Sc0.16Ta0.16Ti0.16Zr0.16;Nb0.29Ta0.17Zr0.28Mg0.2In0.05Pb0.01;True;240.46409742000003;21.716027418
0.29;;;;0.28;;;;;;;0.04;0.29;;;;;;;;;;;;;;;;;;;;0.1;;;;;;;1.37;0.03;7.76;-0.17;93.43;42.72;7.0;1656.9;31.51;0.46;1.15;0.28;Hamming & Gradient Augmentation;Hf0.04Mo0.15Nb0.16Sc0.16Ta0.16Ti0.16Zr0.16;Nb0.29Zr0.28Si0.04Mg0.29Bi0.1;True;96.86000308499999;
0.32;;;;0.26;;;0.26;;;;;;;;;;;;;;0.07;;;0.09;;;;;;;;;;;;;;;1.58;0.04;7.29;-0.15;108.63;37.44;7.39;1764.76;31.39;0.34;1.59;0.27;Hamming & Gradient Augmentation;Hf0.04Mo0.15Nb0.16Sc0.16Ta0.16Ti0.16Zr0.16;Nb0.32Zr0.26Mn0.26Te0.07Ge0.09;True;101.85599538501;
0.39;;0.12;;0.35;;;;;;;;;;;;0.1;;;;;0.04;;;;;;;;;;;;;;;;;;1.51;0.03;7.1;-0.16;134.56;51.66;8.07;1959.17;31.93;0.38;1.56;0.29;Hamming & Gradient Augmentation;Hf0.04Mo0.15Nb0.16Sc0.16Ta0.16Ti0.16Zr0.16;Nb0.39Ta0.12Zr0.35In0.1Te0.04;True;242.6288614;22.528779459999996
0.05;0.04;0.06;0.03;0.36;;;0.03;;0.2;;;;0.23;;;;;;;;;;;;;;;;;;;;;;;;;;1.69;0.06;7.95;-0.05;140.69;53.69;8.54;2000.81;31.22;0.38;5.72;0.28;Generative CVAE;Hf0.04Mo0.15Nb0.16Sc0.16Ta0.16Ti0.16Zr0.16;Nb0.05Sc0.04Ta0.06Ti0.03Zr0.36Mn0.03Hf0.2V0.23;True;290.834264561655;
;;0.09;;0.27;;;;0.3;;;;;0.34;;;;;;;;;;;;;;;;;;;;;;;;;;1.36;0.07;6.85;-0.07;138.82;55.35;7.31;2258.76;31.22;0.4;3.8;0.3;Hamming & Gradient Augmentation;Co0.06Cr0.14Fe0.22Mn0.07Mo0.24Ru0.05Si0.04V0.14W0.05;Ta0.09Zr0.27Fe0.3V0.34;True;174.54594048;15.359149962
;;0.12;;0.31;;;;;;;;;0.39;;;;;;0.15;;0.03;;;;;;;;;;;;;;;;;;1.58;0.06;7.52;-0.17;109.02;41.16;7.24;1631.54;31.21;0.38;1.32;0.26;Hamming & Gradient Augmentation;Hf0.04Mo0.15Nb0.16Sc0.16Ta0.16Ti0.16Zr0.16;Ta0.12Zr0.31V0.39Cd0.15Te0.03;True;214.94184384250002;18.976540011
;;;;0.4;;;;;;;;0.28;;;;0.12;;;;;;;;0.13;0.07;;;;;;;;;;;;;;1.5;0.05;7.2;-0.19;142.69;59.45;7.7;1627.17;31.21;0.42;1.13;0.03;Hamming & Gradient Augmentation;Hf0.04Mo0.15Nb0.16Sc0.16Ta0.16Ti0.16Zr0.16;Zr0.4Mg0.28In0.12Ge0.13Hg0.07;True;108.2618798;
;;0.14;;0.36;;;;;;;;0.37;;;;;;;;0.05;;;0.05;;;;;;;;;;;;0.03;;;;1.42;0.05;7.48;-0.15;115.46;53.19;7.35;1782.08;31.36;0.46;1.49;0.29;Annealing;Hf0.04Mo0.15Nb0.16Sc0.16Ta0.16Ti0.16Zr0.16;Ta0.14Zr0.36Mg0.37Sb0.05Re0.05Pb0.03;True;247.174515215;20.633442981
;;0.17;;0.53;;;;;;;;;;;0.12;;;;0.11;;;;;;;;;;;;;;;;;0.08;;;1.31;0.06;6.89;-0.08;112.41;47.16;6.73;1949.43;31.28;0.42;2.76;0.33;Hamming & Gradient Augmentation;Hf0.04Mo0.15Nb0.16Sc0.16Ta0.16Ti0.16Zr0.16;Ta0.17Zr0.53Y0.12Cd0.11Rh0.08;True;10971.0387192535;
;;;;0.42;;;0.31;;;;;;;0.04;;0.08;0.13;;;;;;;;;;;;0.02;;;;;;;;;;1.4;0.06;7.36;-0.14;112.25;46.07;7.68;1619.56;31.01;0.41;1.42;0.08;Annealing;Hf0.04Mo0.15Nb0.16Sc0.16Ta0.16Ti0.16Zr0.16;Zr0.42Mn0.31W0.04Ag0.13In0.08Zn0.02;True;188.42962888443498;16.50267841799
;;0.17;;0.27;;;0.23;;;;;0.24;;;;;;;0.09;;;;;;;;;;;;;;;;;;;;1.51;0.04;7.15;-0.15;133.4;47.67;7.68;1745.16;31.39;0.36;1.51;0.3;Hamming & Gradient Augmentation;Hf0.04Mo0.15Nb0.16Sc0.16Ta0.16Ti0.16Zr0.16;Ta0.17Zr0.27Mn0.23Mg0.24Cd0.09;True;176.36079991785502;15.635205480170002
;0.15;;;0.16;;;;;0.27;;;0.26;;;0.13;;;;;;;;;;0.01;;;;;;;;;;;;;;1.61;0.06;7.27;-0.12;92.46;36.2;7.0;1773.0;31.3;0.39;2.03;0.3;Annealing;Hf0.04Mo0.15Nb0.16Sc0.16Ta0.16Ti0.16Zr0.16;Sc0.15Zr0.16Hf0.27Mg0.26Y0.13Hg0.01;True;466.27683527;
0.14;0.14;0.14;0.14;0.14;;;;;0.14;;;0.14;;;;;;;;;;;;;;;;;;;;;;;;;;;1.95;0.04;7.86;-0.05;131.37;51.23;7.86;1988.3;31.41;0.39;7.27;0.36;Generative CVAE;Hf0.04Mo0.15Nb0.16Sc0.16Ta0.16Ti0.16Zr0.16;Nb0.14Sc0.14Ta0.14Ti0.14Zr0.14Hf0.14Mg0.14;True;531.887065808;
0.12;0.12;0.12;0.12;0.12;;;;;0.12;;;0.12;0.12;;0.03;;;;;;;;;;;;;;;;;;;;;;;;2.15;0.06;7.37;-0.05;135.66;60.42;7.78;1971.0;31.44;0.45;7.33;0.35;Generative CVAE;Hf0.04Mo0.15Nb0.16Sc0.16Ta0.16Ti0.16Zr0.16;Nb0.12Sc0.12Ta0.12Ti0.12Zr0.12Hf0.12V0.12Mg0.12Y0.03;True;482.53367456399997;
0.13;0.13;;0.13;0.13;;;;;0.13;;;0.13;0.13;0.06;;;;;;;;;;;;;;;;;;;;;;;;;2.06;0.06;6.73;-0.06;133.56;57.16;7.48;1943.25;31.22;0.43;6.27;0.33;Generative CVAE;Hf0.04Mo0.15Nb0.16Sc0.16Ta0.16Ti0.16Zr0.16;Nb0.13Sc0.13Ti0.13Zr0.13Hf0.13V0.13Mg0.13W0.06;True;423.486616161;
0.13;0.13;0.13;0.13;0.13;0.13;;;;0.13;;;;;;0.07;;;;;;;;;;;;;;;;;;;;;;;;2.06;0.07;8.07;-0.11;140.46;50.96;8.54;2303.03;31.44;0.36;3.7;0.34;Generative CVAE;Hf0.04Mo0.15Nb0.16Sc0.16Ta0.16Ti0.16Zr0.16;Nb0.13Sc0.13Ta0.13Ti0.13Zr0.13Mo0.13Hf0.13Y0.07;True;503.72792186099997;
0.13;0.13;0.13;0.13;0.13;0.13;;;;0.13;;;0.07;;;;;;;;;;;;;;;;;;;;;;;;;;;2.07;0.04;7.95;-0.13;145.44;52.66;8.12;2220.14;31.41;0.36;3.17;0.36;Generative CVAE;Hf0.04Mo0.15Nb0.16Sc0.16Ta0.16Ti0.16Zr0.16;Nb0.13Sc0.13Ta0.13Ti0.13Zr0.13Mo0.13Hf0.13Mg0.07;True;495.23536488599996;
0.12;0.12;0.12;0.12;0.12;0.12;;;;0.12;;;0.12;;;;;;;;;;;;;;;;;;;;;;;;;;;2.08;0.04;7.62;-0.12;134.33;49.77;7.93;2108.04;31.41;0.37;3.14;0.36;Generative CVAE;Hf0.04Mo0.15Nb0.16Sc0.16Ta0.16Ti0.16Zr0.16;Nb0.12Sc0.12Ta0.12Ti0.12Zr0.12Mo0.12Hf0.12Mg0.12;True;457.659267264;
0.12;0.12;0.12;0.12;0.12;0.12;;;;0.12;;;0.12;;;0.05;;;;;;;;;;;;;;;;;;;;;;;;2.18;0.06;7.37;-0.12;132.65;50.21;7.89;2059.17;31.44;0.38;3.25;0.34;Generative CVAE;Hf0.04Mo0.15Nb0.16Sc0.16Ta0.16Ti0.16Zr0.16;Nb0.12Sc0.12Ta0.12Ti0.12Zr0.12Mo0.12Hf0.12Mg0.12Y0.05;True;464.19385826399997;
0.19;0.19;0.03;0.04;0.19;0.19;;;;0.19;;;;;;;;;;;;;;;;;;;;;;;;;;;;;;1.79;0.04;7.36;-0.13;145.37;52.6;8.04;2208.37;31.31;0.36;2.64;0.34;Generative CVAE;Hf0.04Mo0.15Nb0.16Sc0.16Ta0.16Ti0.16Zr0.16;Nb0.19Sc0.19Ta0.03Ti0.04Zr0.19Mo0.19Hf0.19;True;593.8455540680001;
0.2;0.2;;0.2;;0.2;;;;0.2;;;;;;;;;;;;;;;;;;;;;;;;;;;;;;1.61;0.05;7.2;-0.17;141.7;56.78;7.91;2172.28;31.81;0.4;1.74;0.34;Brute Force HEA;Hf0.04Mo0.15Nb0.16Sc0.16Ta0.16Ti0.16Zr0.16;Nb0.2Sc0.2Ti0.2Mo0.2Hf0.2;True;575.53901714;
0.16;0.16;0.03;0.16;0.16;0.16;;;;0.16;;;;;;;;;;;;;;;;;;;;;;;;;;;;;;1.87;0.05;6.99;-0.13;145.04;48.69;8.06;2202.02;31.4;0.34;2.67;0.33;Generative CVAE;Hf0.04Mo0.15Nb0.16Sc0.16Ta0.16Ti0.16Zr0.16;Nb0.16Sc0.16Ta0.03Ti0.16Zr0.16Mo0.16Hf0.16;True;507.32693895200003;
0.19;0.19;;0.04;0.19;0.19;;;;;;;;0.02;0.19;;;;;;;;;;;;;;;;;;;;;;;;;1.79;0.06;7.38;-0.1;156.52;54.13;8.55;2268.84;31.2;0.35;3.59;0.36;Generative CVAE;Hf0.04Mo0.15Nb0.16Sc0.16Ta0.16Ti0.16Zr0.16;Nb0.19Sc0.19Ti0.04Zr0.19Mo0.19V0.02W0.19;True;556.949005818;
0.2;0.2;;0.2;0.2;;;;;;;;;;0.2;;;;;;;;;;;;;;;;;;;;;;;;;1.61;0.06;7.2;-0.11;147.33;50.08;8.05;2224.27;31.62;0.34;2.93;0.37;Brute Force HEA;Hf0.04Mo0.15Nb0.16Sc0.16Ta0.16Ti0.16Zr0.16;Nb0.2Sc0.2Ti0.2Zr0.2W0.2;True;583.7914639400001;
;0.2;;0.2;0.2;0.2;;;;;;;;;0.2;;;;;;;;;;;;;;;;;;;;;;;;;1.61;0.06;7.4;-0.14;150.62;52.25;8.06;2167.59;31.62;0.35;2.12;0.33;Brute Force HEA;Hf0.04Mo0.15Nb0.16Sc0.16Ta0.16Ti0.16Zr0.16;Sc0.2Ti0.2Zr0.2Mo0.2W0.2;True;552.34302394;
0.22;0.13;;0.22;;0.22;;;;;;;;;0.22;;;;;;;;;;;;;;;;;;;;;;;;;1.59;0.05;8.0;-0.11;188.21;64.58;9.35;2355.06;31.3;0.34;3.06;0.38;Generative CVAE;Hf0.04Mo0.15Nb0.16Sc0.16Ta0.16Ti0.16Zr0.16;Nb0.22Sc0.13Ti0.22Mo0.22W0.22;True;391.154234666;
0.17;0.17;0.03;0.17;0.1;0.17;;;;;;;;;0.17;;;;;;;;;;;;;;;;;;;;;;;;;1.85;0.06;7.51;-0.11;161.07;58.22;8.41;2315.64;31.2;0.36;3.49;0.36;Generative CVAE;Hf0.04Mo0.15Nb0.16Sc0.16Ta0.16Ti0.16Zr0.16;Nb0.17Sc0.17Ta0.03Ti0.17Zr0.1Mo0.17W0.17;True;511.82657786900006;
0.3;;;;;;0.37;0.23;;0.07;;;;;0.04;;;;;;;;;;;;;;;;;;;;;;;;;1.51;0.04;7.43;-0.17;149.94;72.7;8.38;1833.83;31.33;0.48;1.39;0.31;Hamming & Gradient Augmentation;Al0.04Co0.12Cr0.39Fe0.03Mn0.17Mo0.11Ni0.01Re0.06V0.05W0.01;Nb0.3Cr0.37Mn0.23Hf0.07W0.04;True;79.882345889355;8.766099159720001
0.33;;0.02;;;;0.33;;;0.02;0.21;;;;;;0.08;;;;;;;;;;;;;;;;;;;;;;;1.42;0.04;7.37;-0.11;188.1;72.49;8.49;1865.02;31.24;0.39;2.0;0.26;Annealing;Al0.04Co0.12Cr0.39Fe0.03Mn0.17Mo0.11Ni0.01Re0.06V0.05W0.01;Nb0.33Ta0.02Cr0.33Hf0.02Co0.21In0.08;True;134.777923506;13.2754610662
0.15;;;;;;0.29;0.17;;;;;;0.19;;;;0.2;;;;;;;;;;;;;;;;;;;;;;1.49;0.05;6.75;-0.15;133.82;62.76;7.39;1689.69;31.36;0.47;1.44;0.09;Hamming & Gradient Augmentation;Al0.04Co0.12Cr0.39Fe0.03Mn0.17Mo0.11Ni0.01Re0.06V0.05W0.01;Nb0.15Cr0.29Mn0.17V0.19Ag0.2;True;219.245232485045;17.64189250228
0.33;;;;;;0.38;;;;;;;;;;;0.13;;;;;0.13;0.02;;;0.02;;;;;;;;;;;;;1.42;0.05;7.3;-0.11;182.61;77.68;8.48;1713.2;30.96;0.43;1.94;0.19;Annealing;Al0.04Co0.12Cr0.39Fe0.03Mn0.17Mo0.11Ni0.01Re0.06V0.05W0.01;Nb0.33Cr0.38Ag0.13Cu0.13Re0.02Ru0.02;True;245.864691377;19.101809841700003
0.25;;0.12;;0.22;;0.32;;;;;;;;;;;;;;;;;;0.09;;;;;;;;;;;;;;;1.56;0.03;7.29;-0.1;135.74;50.22;8.3;1876.28;31.93;0.37;2.45;0.3;Hamming & Gradient Augmentation;Al0.04Co0.12Cr0.39Fe0.03Mn0.17Mo0.11Ni0.01Re0.06V0.05W0.01;Nb0.25Ta0.12Zr0.22Cr0.32Ge0.09;True;183.398364748;
0.37;;0.09;;;;0.41;;;;;;;;0.07;;;;;;;;;;0.06;;;;;;;;;;;;;;;1.38;0.03;7.62;-0.12;153.07;64.16;8.14;2051.09;31.76;0.42;2.05;0.27;Hamming & Gradient Augmentation;Al0.04Co0.12Cr0.39Fe0.03Mn0.17Mo0.11Ni0.01Re0.06V0.05W0.01;Nb0.37Ta0.09Cr0.41W0.07Ge0.06;True;155.859514284;
0.32;;;;;;0.33;;;0.09;;;;;0.06;;;;;;;;;;;;;;;;0.2;;;;;;;;;1.33;0.04;7.37;-0.13;195.71;79.59;8.6;1836.82;31.73;0.41;1.65;0.22;Hamming & Gradient Augmentation;Al0.04Co0.12Cr0.39Fe0.03Mn0.17Mo0.11Ni0.01Re0.06V0.05W0.01;Nb0.32Cr0.33Hf0.09W0.06Ni0.2;True;89.855608212;9.90297537345
0.45;;;;;;0.26;;0.14;;;;;;0.12;;;;;;;;;;;;;;;;;0.04;;;;;;;;1.46;0.04;7.65;-0.18;160.47;60.52;8.35;1902.01;31.91;0.38;1.32;0.35;Hamming & Gradient Augmentation;Al0.04Co0.12Cr0.39Fe0.03Mn0.17Mo0.11Ni0.01Re0.06V0.05W0.01;Nb0.45Cr0.26Fe0.14W0.12Ir0.04;True;462.791986414;27.128839599899997
0.2;0.25;;;;;0.28;;;;;;;;0.11;;;;;;;;0.17;;;;;;;;;;;;;;;;;1.28;0.03;7.77;-0.13;203.89;79.59;8.92;1870.31;32.03;0.39;1.53;0.25;Hamming & Gradient Augmentation;Al0.04Co0.12Cr0.39Fe0.03Mn0.17Mo0.11Ni0.01Re0.06V0.05W0.01;Nb0.2Sc0.25Cr0.28W0.11Cu0.17;True;670.629599037;
0.2;0.32;0.07;;;;0.33;;;0.08;;;;;;;;;;;;;;;;;;;;;;;;;;;;;;1.32;0.05;6.86;-0.18;118.12;41.99;6.96;1737.6;31.36;0.36;1.11;0.3;Hamming & Gradient Augmentation;Al0.04Co0.12Cr0.39Fe0.03Mn0.17Mo0.11Ni0.01Re0.06V0.05W0.01;Nb0.2Sc0.32Ta0.07Cr0.33Hf0.08;True;902.117335516;
;0.24;;;;;0.33;;0.24;;;;;;;;0.05;0.14;;;;;;;;;;;;;;;;;;;;;;1.54;0.06;7.13;-0.17;112.28;55.55;7.13;1485.95;31.21;0.49;1.15;0.03;Hamming & Gradient Augmentation;Al0.04Co0.12Cr0.39Fe0.03Mn0.17Mo0.11Ni0.01Re0.06V0.05W0.01;Sc0.24Cr0.33Fe0.24Ag0.14In0.05;True;720.02765994;
;0.29;;;;0.25;0.35;;;;;;;;0.1;;;;;;;;;;;0.01;;;;;;;;;;;;;;1.55;0.06;7.47;-0.11;138.9;56.81;7.57;1774.82;31.21;0.41;2.07;0.3;Hamming & Gradient Augmentation;Al0.04Co0.12Cr0.39Fe0.03Mn0.17Mo0.11Ni0.01Re0.06V0.05W0.01;Sc0.29Mo0.25Cr0.35W0.1Hg0.01;True;738.408441368;
;0.27;0.15;0.23;;;0.28;0.04;;;;;;;0.03;;;;;;;;;;;;;;;;;;;;;;;;;1.57;0.06;7.14;-0.13;144.26;62.39;6.82;1953.12;31.2;0.43;2.06;0.26;Annealing;Al0.04Co0.12Cr0.39Fe0.03Mn0.17Mo0.11Ni0.01Re0.06V0.05W0.01;Sc0.27Ta0.15Ti0.23Cr0.28Mn0.04W0.03;True;799.62655260254;
;0.3;0.09;;;;0.27;;;0.12;;;0.19;;;;;;;;;;;;;;;;;;;;0.03;;;;;;;1.61;0.05;7.64;-0.1;112.66;43.03;6.67;1841.16;31.37;0.38;2.44;0.26;Annealing;Al0.04Co0.12Cr0.39Fe0.03Mn0.17Mo0.11Ni0.01Re0.06V0.05W0.01;Sc0.3Ta0.09Cr0.27Hf0.12Mg0.19Bi0.03;True;843.091945773;
;0.34;0.11;;;;0.31;0.19;;;;;;;;;;;;;;;;0.04;;;;;;;;;0.01;;;;;;;1.46;0.06;7.43;-0.15;130.5;50.65;6.96;1734.87;31.13;0.39;1.43;0.27;Annealing;Al0.04Co0.12Cr0.39Fe0.03Mn0.17Mo0.11Ni0.01Re0.06V0.05W0.01;Sc0.34Ta0.11Cr0.31Mn0.19Re0.04Bi0.01;True;997.6020989218151;
;0.3;;;0.17;;0.32;;;0.1;;;;;;;;0.11;;;;;;;;;;;;;;;;;;;;;;1.59;0.05;6.71;-0.16;109.56;45.75;6.59;1836.09;31.31;0.42;1.55;0.29;Hamming & Gradient Augmentation;Al0.04Co0.12Cr0.39Fe0.03Mn0.17Mo0.11Ni0.01Re0.06V0.05W0.01;Sc0.3Zr0.17Cr0.32Hf0.1Ag0.11;True;874.7213326680002;
;0.39;0.16;;;;0.35;;;;;;;;;;;0.07;;0.03;;;;;;;;;;;;;;;;;;;;1.32;0.06;7.44;-0.11;113.72;44.0;6.81;1724.2;31.35;0.39;1.71;0.25;Annealing;Al0.04Co0.12Cr0.39Fe0.03Mn0.17Mo0.11Ni0.01Re0.06V0.05W0.01;Sc0.39Ta0.16Cr0.35Ag0.07Cd0.03;True;1147.9005770535;
;;;;;;0.38;;;;0.19;;;0.31;0.01;;;0.11;;;;;;;;;;;;;;;;;;;;;;1.56;0.04;7.42;-0.14;200.03;91.95;8.01;1848.53;31.76;0.46;1.71;0.29;Hamming & Gradient Augmentation;Al0.04Co0.12Cr0.39Fe0.03Mn0.17Mo0.11Ni0.01Re0.06V0.05W0.01;Cr0.38Co0.19V0.31W0.01Ag0.11;True;175.258716193;14.683585775450002
;;;;;;0.42;;;;;;;0.38;0.07;;;;0.07;0.05;;;;;;;;;;;;;;;;;;;;1.39;0.06;7.75;-0.11;178.21;73.07;8.85;1910.03;31.28;0.41;2.04;0.24;Hamming & Gradient Augmentation;Al0.04Co0.12Cr0.39Fe0.03Mn0.17Mo0.11Ni0.01Re0.06V0.05W0.01;Cr0.42V0.38W0.07Ga0.07Cd0.05;True;103.2226846005;9.7876894848
;;0.11;;;;0.3;;;;;;0.25;0.26;;;;;;;;;;;;;;;;0.07;;;;;;;;;;1.42;0.07;6.75;-0.12;98.68;42.87;5.99;1703.2;31.36;0.43;1.74;0.27;Hamming & Gradient Augmentation;Al0.04Co0.12Cr0.39Fe0.03Mn0.17Mo0.11Ni0.01Re0.06V0.05W0.01;Ta0.11Cr0.3V0.26Mg0.25Zn0.07;True;145.09279558499998;12.579784489499998
;;;0.22;;;0.3;;;;;;;0.23;;;;0.13;;;;;;;0.12;;;;;;;;;;;;;;;1.57;0.07;7.06;-0.1;151.61;67.81;7.67;1576.29;31.18;0.45;2.04;0.09;Hamming & Gradient Augmentation;Al0.04Co0.12Cr0.39Fe0.03Mn0.17Mo0.11Ni0.01Re0.06V0.05W0.01;Ti0.22Cr0.3V0.23Ag0.13Ge0.12;True;163.079229125;
;0.23;0.08;;;;0.36;;;0.07;;;;0.25;;;;;;;;;;;;;;;;;;;;;;;;;;1.25;0.07;6.88;-0.13;111.07;41.54;6.36;1813.1;31.31;0.37;1.52;0.31;Hamming & Gradient Augmentation;Al0.04Co0.12Cr0.39Fe0.03Mn0.17Mo0.11Ni0.01Re0.06V0.05W0.01;Sc0.23Ta0.08Cr0.36Hf0.07V0.25;True;699.7107879250001;
;;;;;;0.37;;;;;;;0.32;;;;;;;;;0.14;;0.04;;0.13;;;;;;;;;;;;;1.55;0.07;6.72;-0.18;215.24;109.75;7.13;1694.34;30.42;0.51;1.28;-1.84;Hamming & Gradient Augmentation;Al0.04Co0.12Cr0.39Fe0.03Mn0.17Mo0.11Ni0.01Re0.06V0.05W0.01;Cr0.37V0.32Cu0.14Ge0.04Ru0.13;True;394.217885218;
;;;;;0.28;0.29;;;;;;;0.3;0.07;;;;;;0.06;;;;;;;;;;;;;;;;;;;1.61;0.06;7.4;-0.1;175.2;64.54;8.66;2306.11;31.3;0.37;3.23;0.36;Hamming & Gradient Augmentation;Al0.04Co0.12Cr0.39Fe0.03Mn0.17Mo0.11Ni0.01Re0.06V0.05W0.01;Mo0.28Cr0.29V0.3W0.07Sb0.06;True;76.572471946;7.703754053849999
;;0.1;;0.23;;0.34;;;;;;;0.3;;;;;;0.02;;;;;;;;;;;;;;;;;;;;1.54;0.06;7.34;-0.14;145.03;56.5;7.97;1809.17;31.21;0.39;1.72;0.27;Hamming & Gradient Augmentation;Al0.04Co0.12Cr0.39Fe0.03Mn0.17Mo0.11Ni0.01Re0.06V0.05W0.01;Ta0.1Zr0.23Cr0.34V0.3Cd0.02;True;177.305259583;15.865240130099998
0.24;;;;;;0.37;;;0.07;;;;0.28;;;;;;;0.03;;;;;;;;;;;;;;;;;;;1.47;0.03;7.71;-0.12;184.45;74.1;8.43;1755.9;31.93;0.4;1.81;0.32;Hamming & Gradient Augmentation;Al0.04Co0.12Cr0.39Fe0.03Mn0.17Mo0.11Ni0.01Re0.06V0.05W0.01;Nb0.24Cr0.37Hf0.07V0.28Sb0.03;True;117.83944498800001;11.531480674050002
;;;;;;0.25;0.16;;;;;0.14;0.19;;;;;;;;;0.26;;;;;;;;;;;0.01;;;;;;1.62;0.04;6.89;-0.15;160.13;82.99;6.75;1607.84;30.92;0.52;1.52;-1.47;Annealing;Al0.04Co0.12Cr0.39Fe0.03Mn0.17Mo0.11Ni0.01Re0.06V0.05W0.01;Cr0.25Mn0.16V0.19Mg0.14Cu0.26Au0.01;True;881.9685882661599;27.21312268739
;;;;;;0.34;0.18;;;;;;0.21;;;;;0.25;;;;;;;;;;;;;0.01;;;;;;;;1.41;0.03;6.86;-0.16;195.13;74.22;7.98;1837.27;32.04;0.38;1.41;0.25;Hamming & Gradient Augmentation;Al0.04Co0.12Cr0.39Fe0.03Mn0.17Mo0.11Ni0.01Re0.06V0.05W0.01;Cr0.34Mn0.18V0.21Ga0.25Ir0.01;True;186.20840470293;13.08342336382
;;;;;;0.4;0.21;;;;;;0.29;;;0.07;;;;;;;;;;;;;;;0.03;;;;;;;;1.25;0.04;7.43;-0.18;192.61;79.25;7.93;1778.08;30.87;0.41;1.05;0.33;Hamming & Gradient Augmentation;Al0.04Co0.12Cr0.39Fe0.03Mn0.17Mo0.11Ni0.01Re0.06V0.05W0.01;Cr0.4Mn0.21V0.29In0.07Ir0.03;True;361.284779290585;20.70462572759
;;;0.28;;;0.33;;0.26;;;;;;;;;;;;;;;;0.11;0.02;;;;;;;;;;;;;;1.53;0.04;7.02;-0.19;147.0;66.02;6.9;1551.48;30.91;0.45;1.1;0.01;Hamming & Gradient Augmentation;Al0.04Co0.12Cr0.39Fe0.03Mn0.17Mo0.11Ni0.01Re0.06V0.05W0.01;Ti0.28Cr0.33Fe0.26Ge0.11Hg0.02;True;24.854926102000004;
;;0.14;0.25;;;0.31;;;;;;0.25;;;;0.05;;;;;;;;;;;;;;;;;;;;;;;1.35;0.04;7.41;-0.17;161.02;63.95;7.76;1647.25;31.33;0.4;1.16;0.25;Hamming & Gradient Augmentation;Al0.04Co0.12Cr0.39Fe0.03Mn0.17Mo0.11Ni0.01Re0.06V0.05W0.01;Ta0.14Ti0.25Cr0.31Mg0.25In0.05;True;141.34359484400002;12.622015982649998
;;0.09;0.36;;;0.43;;;;;;;;;;0.07;;;;0.05;;;;;;;;;;;;;;;;;;;1.42;0.03;7.82;-0.18;135.51;62.93;7.43;1726.64;31.93;0.46;1.17;0.07;Hamming & Gradient Augmentation;Al0.04Co0.12Cr0.39Fe0.03Mn0.17Mo0.11Ni0.01Re0.06V0.05W0.01;Ta0.09Ti0.36Cr0.43In0.07Sb0.05;True;112.917033832;10.62597954795
;;0.05;0.28;;;0.37;0.19;;;;;;;;;;0.1;;;;;;;;;;;;;;;;;;;;;;1.57;0.05;7.55;-0.15;128.56;47.36;7.65;1776.64;31.26;0.37;1.58;0.03;Hamming & Gradient Augmentation;Al0.04Co0.12Cr0.39Fe0.03Mn0.17Mo0.11Ni0.01Re0.06V0.05W0.01;Ta0.05Ti0.28Cr0.37Mn0.19Ag0.1;False;131.718969297815;11.10346586656
;;0.07;0.3;;;0.29;0.15;;;;;;;;;;;0.19;;;;;;;;;;;;;;;;;;;;;1.49;0.04;7.14;-0.16;148.42;63.84;7.16;1850.3;31.73;0.43;1.46;0.03;Hamming & Gradient Augmentation;Al0.04Co0.12Cr0.39Fe0.03Mn0.17Mo0.11Ni0.01Re0.06V0.05W0.01;Ta0.07Ti0.3Cr0.29Mn0.15Ga0.19;True;105.655980964275;9.8927147132
0.26;;;0.28;;;0.34;;;;;;;;;;;;;;;;;;0.09;0.03;;;;;;;;;;;;;;1.58;0.04;7.06;-0.16;154.19;67.3;7.69;1691.17;31.16;0.44;1.4;0.16;Hamming & Gradient Augmentation;Al0.04Co0.12Cr0.39Fe0.03Mn0.17Mo0.11Ni0.01Re0.06V0.05W0.01;Nb0.26Ti0.28Cr0.34Ge0.09Hg0.03;True;68.270237816;
;;0.11;0.25;;0.24;0.29;;;;;;;;;;;;;;;;;;;;0.11;;;;;;;;;;;;;1.49;0.03;6.73;-0.15;155.75;60.95;7.36;1843.35;31.76;0.39;1.54;0.29;Hamming & Gradient Augmentation;Al0.04Co0.12Cr0.39Fe0.03Mn0.17Mo0.11Ni0.01Re0.06V0.05W0.01;Ta0.11Ti0.25Mo0.24Cr0.29Ru0.11;True;374.901049221;24.18358738635
;;0.14;0.28;0.2;;0.31;;;;;;;;;0.02;;;;;0.05;;;;;;;;;;;;;;;;;;;1.54;0.05;7.25;-0.12;153.13;64.64;8.11;1908.17;31.36;0.42;2.17;0.27;Annealing;Al0.04Co0.12Cr0.39Fe0.03Mn0.17Mo0.11Ni0.01Re0.06V0.05W0.01;Ta0.14Ti0.28Zr0.2Cr0.31Y0.02Sb0.05;True;157.651911544;
;;;;;;0.24;;0.24;;0.24;0.04;;0.24;;;;;;;;;;;;;;;;;;;;;;;;;;1.5;0.04;6.88;-0.14;205.92;97.09;7.45;1680.91;30.28;0.47;1.56;-0.33;Generative CVAE;Al0.04Co0.12Cr0.39Fe0.03Mn0.17Mo0.11Ni0.01Re0.06V0.05W0.01;Cr0.24Fe0.24Co0.24Si0.04V0.24;True;81.87548052199999;
;;;;;;0.33;;0.25;;;;;0.28;;;;;0.05;0.09;;;;;;;;;;;;;;;;;;;;1.5;0.05;7.23;-0.06;177.44;77.85;8.48;1817.65;31.19;0.44;3.64;0.27;Hamming & Gradient Augmentation;Al0.04Co0.12Cr0.39Fe0.03Mn0.17Mo0.11Ni0.01Re0.06V0.05W0.01;Cr0.33Fe0.25V0.28Ga0.05Cd0.09;True;71.6494400535;6.731828166450001
0.28;;;;;;0.36;;0.26;0.07;;;;;;;;;;;;;;0.03;;;;;;;;;;;;;;;;1.51;0.05;7.06;-0.16;147.5;59.72;7.79;1822.12;31.12;0.4;1.52;0.33;Hamming & Gradient Augmentation;Al0.04Co0.12Cr0.39Fe0.03Mn0.17Mo0.11Ni0.01Re0.06V0.05W0.01;Nb0.28Cr0.36Fe0.26Hf0.07Re0.03;True;119.705869074;11.0471011604
;;0.1;;;;0.33;;0.24;;;;0.21;;;;;0.12;;;;;;;;;;;;;;;;;;;;;;1.32;0.03;6.8;-0.18;125.56;56.32;6.37;1806.13;31.29;0.45;1.16;-0.01;Hamming & Gradient Augmentation;Al0.04Co0.12Cr0.39Fe0.03Mn0.17Mo0.11Ni0.01Re0.06V0.05W0.01;Ta0.1Cr0.33Fe0.24Mg0.21Ag0.12;True;178.250553127;14.397458050449998
;;;;;;0.4;;0.28;;0.22;0.07;;;;;0.03;;;;;;;;;;;;;;;;;;;;;;;1.38;0.06;7.32;-0.15;216.81;104.61;7.68;1656.14;30.4;0.48;1.34;-1.69;Hamming & Gradient Augmentation;Al0.04Co0.12Cr0.39Fe0.03Mn0.17Mo0.11Ni0.01Re0.06V0.05W0.01;Cr0.4Fe0.28Co0.22Si0.07In0.03;True;47.1309477455;
;;;;;;0.45;;0.29;0.06;;;;;;;0.06;;;;;;0.13;;;;;;;;;;;;;;;;;1.54;0.05;6.99;-0.16;152.94;72.59;7.19;1658.62;30.41;0.47;1.41;0.07;Hamming & Gradient Augmentation;Al0.04Co0.12Cr0.39Fe0.03Mn0.17Mo0.11Ni0.01Re0.06V0.05W0.01;Cr0.45Fe0.29Hf0.06In0.06Cu0.13;True;42.29604543;4.81612774275
0.26;;;;;;0.33;;;;;;0.28;;0.1;;;;;;;;;;;;;;;;;0.04;;;;;;;;1.26;0.05;7.98;-0.18;203.77;81.99;8.94;2008.01;31.21;0.4;1.24;0.25;Hamming & Gradient Augmentation;Al0.04Co0.12Cr0.39Fe0.03Mn0.17Mo0.11Ni0.01Re0.06V0.05W0.01;Nb0.26Cr0.33Mg0.28W0.1Ir0.04;True;432.22891679200006;24.15847296145
;;0.09;;;;0.41;;;;;;0.36;;;;;0.13;;;;;;;;;;;0.01;;;;;;;;;;;1.28;0.05;7.37;-0.16;113.73;59.15;6.58;1635.64;31.2;0.52;1.11;0.22;Hamming & Gradient Augmentation;Al0.04Co0.12Cr0.39Fe0.03Mn0.17Mo0.11Ni0.01Re0.06V0.05W0.01;Ta0.09Cr0.41Mg0.36Ag0.13As0.01;True;181.063866464;
;;0.1;;;;0.38;;;;;;0.27;;;;;;;;;;0.15;;;;0.1;;;;;;;;;;;;;1.35;0.06;7.43;-0.16;184.08;76.61;8.85;1814.59;31.13;0.42;1.32;0.21;Hamming & Gradient Augmentation;Al0.04Co0.12Cr0.39Fe0.03Mn0.17Mo0.11Ni0.01Re0.06V0.05W0.01;Ta0.1Cr0.38Mg0.27Cu0.15Ru0.1;True;337.62966781200004;21.525358774700003
;;0.12;;;;0.31;;;;;;0.47;;;;;;;;0.05;;;0.05;;;;;;;;;;;;;;;;1.27;0.03;6.88;-0.17;129.8;60.72;6.37;1834.71;31.72;0.47;1.21;0.08;Annealing;Al0.04Co0.12Cr0.39Fe0.03Mn0.17Mo0.11Ni0.01Re0.06V0.05W0.01;Ta0.12Cr0.31Mg0.47Sb0.05Re0.05;True;187.271634769;15.057293655149998
;;0.17;;;;0.43;;;;;;0.32;;;;;;;;;;;;;;;;0.06;;;;;;0.03;;;;;1.27;0.05;6.89;-0.16;118.55;53.11;6.75;1740.23;31.21;0.45;1.19;0.25;Hamming & Gradient Augmentation;Al0.04Co0.12Cr0.39Fe0.03Mn0.17Mo0.11Ni0.01Re0.06V0.05W0.01;Ta0.17Cr0.43Mg0.32As0.06Pt0.03;True;6701.246634731999;
;;;;;0.24;0.2;;;;;;;;;;;;;;;;0.22;;;;0.21;;;;0.13;;;;;;;;;1.59;0.04;8.04;-0.17;216.87;96.96;9.69;1867.1;32.03;0.45;1.53;0.36;Brute Force HEA;Al0.04Co0.12Cr0.39Fe0.03Mn0.17Mo0.11Ni0.01Re0.06V0.05W0.01;Mo0.24Cr0.2Cu0.22Ru0.21Ni0.13;True;529.3772095930001;29.785327930799998
;;;;;0.24;0.23;;;;0.17;;;;;;;;;;;;0.21;;;;;;;;;;;;;;0.14;;;1.59;0.03;8.01;-0.15;202.13;91.91;9.47;1775.9;32.19;0.45;1.57;0.4;Brute Force HEA;Al0.04Co0.12Cr0.39Fe0.03Mn0.17Mo0.11Ni0.01Re0.06V0.05W0.01;Mo0.24Cr0.23Co0.17Cu0.21Rh0.14;True;18833.507978175;392.0331596417
;;;;;0.26;0.33;;;0.11;;;0.24;;;;;;;;;;;0.05;;;;;;;;;;;;;;;;1.47;0.04;8.04;-0.16;147.44;72.64;8.06;1667.21;31.89;0.49;1.36;0.28;Hamming & Gradient Augmentation;Al0.04Co0.12Cr0.39Fe0.03Mn0.17Mo0.11Ni0.01Re0.06V0.05W0.01;Mo0.26Cr0.33Hf0.11Mg0.24Re0.05;True;116.729271692;10.174580661450001
;;;;0.23;0.28;0.38;;;;;;;;;;0.07;;;;;;;0.04;;;;;;;;;;;;;;;;1.48;0.04;6.79;-0.13;147.68;51.17;8.05;1937.02;31.21;0.35;1.96;0.28;Hamming & Gradient Augmentation;Al0.04Co0.12Cr0.39Fe0.03Mn0.17Mo0.11Ni0.01Re0.06V0.05W0.01;Zr0.23Mo0.28Cr0.38In0.07Re0.04;True;132.958269432;11.9302035927
;;;;;0.38;0.39;;;;;;;;0.07;;0.09;;0.08;;;;;;;;;;;;;;;;;;;;;1.48;0.03;6.74;-0.17;162.43;67.23;7.86;1999.36;31.93;0.41;1.49;0.31;Hamming & Gradient Augmentation;Al0.04Co0.12Cr0.39Fe0.03Mn0.17Mo0.11Ni0.01Re0.06V0.05W0.01;Mo0.38Cr0.39W0.07In0.09Ga0.08;True;64.398991036;7.16789646535
;;;;;0.36;0.2;;;;;;;;;;;;0.13;;;;;;;;;;;;;;;;;;;0.31;;1.33;0.03;8.16;-0.17;206.45;81.33;9.63;1703.93;31.95;0.39;1.17;0.32;Brute Force HEA;Al0.04Co0.12Cr0.39Fe0.03Mn0.17Mo0.11Ni0.01Re0.06V0.05W0.01;Mo0.36Cr0.2Ga0.13Pd0.31;True;6137.236080279999;205.569515723
;;0.04;;;0.29;0.38;0.22;;0.07;;;;;;;;;;;;;;;;;;;;;;;;;;;;;;1.42;0.03;6.85;-0.15;165.96;68.27;7.95;1909.79;32.01;0.41;1.57;0.28;Hamming & Gradient Augmentation;Al0.04Co0.12Cr0.39Fe0.03Mn0.17Mo0.11Ni0.01Re0.06V0.05W0.01;Ta0.04Mo0.29Cr0.38Mn0.22Hf0.07;True;59.719038865470004;6.38949559708
0.16;;;;;0.21;0.24;0.19;;;;;;;;;;;;0.2;;;;;;;;;;;;;;;;;;;;1.51;0.05;7.18;-0.19;189.82;76.83;8.54;1902.09;31.05;0.4;1.31;0.26;Hamming & Gradient Augmentation;Al0.04Co0.12Cr0.39Fe0.03Mn0.17Mo0.11Ni0.01Re0.06V0.05W0.01;Nb0.16Mo0.21Cr0.24Mn0.19Cd0.2;True;39.452909555815005;4.73058708811
0.24;;0.08;;;0.25;0.35;;;;;;;;;;0.07;;;;;;;;;;;;;;;;;;;;;;;1.48;0.06;7.27;-0.19;133.91;51.39;7.58;2102.29;31.4;0.38;1.44;0.34;Hamming & Gradient Augmentation;Al0.04Co0.12Cr0.39Fe0.03Mn0.17Mo0.11Ni0.01Re0.06V0.05W0.01;Nb0.24Ta0.08Mo0.25Cr0.35In0.07;True;137.08605233999998;13.019778422749999
;;0.09;;0.35;;0.45;;;;;;;;;;0.07;;;;;0.04;;;;;;;;;;;;;;;;;;1.5;0.04;7.64;-0.18;107.35;43.22;8.02;1805.36;31.39;0.4;1.26;0.25;Hamming & Gradient Augmentation;Al0.04Co0.12Cr0.39Fe0.03Mn0.17Mo0.11Ni0.01Re0.06V0.05W0.01;Ta0.09Zr0.35Cr0.45In0.07Te0.04;True;154.53469198000002;14.65028283925
;;;;;;0.51;;;;;;;;0.1;;;;;0.03;0.08;;;;;;;0.28;;;;;;;;;;;;1.49;0.07;6.87;-0.15;166.14;68.2;7.89;2161.87;31.12;0.41;1.88;0.28;Hamming & Gradient Augmentation;Al0.04Co0.12Cr0.39Fe0.03Mn0.17Mo0.11Ni0.01Re0.06V0.05W0.01;Cr0.51W0.1Cd0.03Sb0.08Al0.28;True;26.561706015696004;3.726612825016
;;0.07;;0.26;;0.41;0.22;;;;;;;;;0.04;;;;;;;;;;;;;;;;;;;;;;;1.48;0.04;6.76;-0.14;133.36;53.94;7.1;1785.39;31.39;0.4;1.59;0.24;Hamming & Gradient Augmentation;Al0.04Co0.12Cr0.39Fe0.03Mn0.17Mo0.11Ni0.01Re0.06V0.05W0.01;Ta0.07Zr0.26Cr0.41Mn0.22In0.04;True;115.99372937746999;11.120235065029998
;;0.07;;;;0.51;0.3;;0.06;;0.06;;;;;;;;;;;;;;;;;;;;;;;;;;;;1.24;0.05;7.58;-0.17;92.43;48.86;6.35;1531.56;31.21;0.53;0.97;0.21;Hamming & Gradient Augmentation;Al0.04Co0.12Cr0.39Fe0.03Mn0.17Mo0.11Ni0.01Re0.06V0.05W0.01;Ta0.07Cr0.51Mn0.3Hf0.06Si0.06;True;80.72049409555001;
0.26;;;;;0.29;;;;;;;0.27;;0.11;;;;;;0.06;;;;;;;;;;;;;;;;;;;1.48;0.03;6.75;-0.17;165.06;66.19;7.98;2006.53;31.93;0.4;1.49;0.31;Annealing;Ag0.12Mg0.31Mn0.2Nb0.28Ta0.09;Nb0.26Mo0.29Mg0.27W0.11Sb0.06;True;64.114289325;7.332286395000001
0.32;;0.1;;0.24;0.28;;;;;;;;;;;;;0.05;;;;;;;;;;;;;;;;;;;;;1.6;0.04;7.46;-0.1;146.41;51.17;8.24;2375.14;31.41;0.35;3.16;0.37;Hamming & Gradient Augmentation;Ag0.12Mg0.31Mn0.2Nb0.28Ta0.09;Nb0.32Ta0.1Zr0.24Mo0.28Ga0.05;True;181.46934235999998;17.090102714
0.29;;;;;0.3;;0.23;;;;;;;;;0.1;;;;;;;0.07;;;;;;;;;;;;;;;;1.51;0.03;7.13;-0.15;166.7;61.69;8.75;2047.38;31.74;0.37;1.81;0.28;Hamming & Gradient Augmentation;Ag0.12Mg0.31Mn0.2Nb0.28Ta0.09;Nb0.29Mo0.3Mn0.23In0.1Re0.07;True;198.09940650135502;16.52392955567
0.38;;;;;0.38;;;;;;;;;;;;;;;;;;0.06;;;;;0.06;0.12;;;;;;;;;;1.52;0.04;6.78;-0.16;170.72;65.55;8.06;1898.88;31.91;0.38;1.52;0.38;Hamming & Gradient Augmentation;Ag0.12Mg0.31Mn0.2Nb0.28Ta0.09;Nb0.38Mo0.38Re0.06As0.06Zn0.12;True;168.06304584;
;;;;;0.31;;;;;0.26;;0.27;;;;;;;;;0.04;;;;;0.13;;;;;;;;;;;;;1.54;0.06;7.44;-0.08;193.67;90.12;9.47;1893.12;31.13;0.47;2.96;0.4;Hamming & Gradient Augmentation;Hf0.03Mo0.38Nb0.05Sc0.19Ta0.15Ti0.07V0.08Zr0.04;Mo0.31Co0.26Mg0.27Te0.04Ru0.13;True;360.782312009;21.7326873485
;;0.17;;;0.39;;;;;;;0.35;;;;;;;;0.04;;;;0.02;;;;;;0.02;;;;;;;;;1.32;0.03;7.42;-0.18;154.03;70.48;7.97;1839.18;31.86;0.46;1.15;0.35;Annealing;Hf0.03Mo0.38Nb0.05Sc0.19Ta0.15Ti0.07V0.08Zr0.04;Ta0.17Mo0.39Mg0.35Sb0.04Ge0.02Ni0.02;True;143.893461267;
;;;;0.22;0.29;;;;0.12;;;0.3;;0.06;;;;;;;;;;;;;;;;;;;;;0.02;;;;1.55;0.05;7.07;-0.12;137.18;51.82;8.07;1868.45;31.26;0.38;2.04;0.28;Annealing;Hf0.03Mo0.38Nb0.05Sc0.19Ta0.15Ti0.07V0.08Zr0.04;Zr0.22Mo0.29Hf0.12Mg0.3W0.06Pb0.02;True;69.52298353;8.071591622
;;0.09;;;0.28;;0.24;;;;;0.33;;;;;;;;;;;;;;;;;;;0.05;;;;;;;;1.49;0.07;7.16;-0.15;141.74;53.75;7.92;2255.41;31.45;0.38;1.98;0.34;Hamming & Gradient Augmentation;Hf0.03Mo0.38Nb0.05Sc0.19Ta0.15Ti0.07V0.08Zr0.04;Ta0.09Mo0.28Mn0.24Mg0.33Ir0.05;True;535.85639792424;28.084156593960003
;;;0.28;0.23;0.32;;;;;;;;;;;;;;;;0.08;;;0.09;;;;;;;;;;;;;;;1.52;0.04;7.31;-0.18;149.89;56.89;8.29;2151.53;31.37;0.38;1.59;0.27;Hamming & Gradient Augmentation;Hf0.04Mo0.15Nb0.16Sc0.16Ta0.16Ti0.16Zr0.16;Ti0.28Zr0.23Mo0.32Te0.08Ge0.09;True;54.09049392000001;
;;;0.28;;0.31;;0.23;;;;;;;;;;;;;;0.06;;;0.13;;;;;;;;;;;;;;;1.52;0.05;7.04;-0.18;125.15;50.2;7.22;1904.73;31.36;0.4;1.42;0.22;Hamming & Gradient Augmentation;Hf0.04Mo0.15Nb0.16Sc0.16Ta0.16Ti0.16Zr0.16;Ti0.28Mo0.31Mn0.23Te0.06Ge0.13;True;23.676025401355;
;;;0.28;;0.28;;;;;;;0.26;;;;;;;;;;;;;;;;0.05;;;;0.14;;;;;;;1.61;0.05;7.22;-0.17;141.37;53.68;7.9;2269.73;31.4;0.38;1.88;0.31;Hamming & Gradient Augmentation;Hf0.04Mo0.15Nb0.16Sc0.16Ta0.16Ti0.16Zr0.16;Ti0.28Mo0.28Mg0.26As0.05Bi0.14;True;18.66873627;
;;0.09;0.41;;0.36;;;;;;;;;;;;;;;;0.03;;;0.1;;;;;;;;;;;;;;;1.35;0.03;6.79;-0.17;141.63;62.84;6.93;1880.99;31.62;0.44;1.31;0.16;Hamming & Gradient Augmentation;Hf0.04Mo0.15Nb0.16Sc0.16Ta0.16Ti0.16Zr0.16;Ta0.09Ti0.41Mo0.36Te0.03Ge0.1;True;94.66480562499999;
;;;;;0.3;;0.28;;;;;;0.33;0.04;;;;0.04;;;;;;;;;;;;;;;;;;;;;1.44;0.03;7.24;-0.17;216.39;84.77;8.95;2095.53;32.04;0.39;1.53;0.4;Hamming & Gradient Augmentation;Co0.06Cr0.14Fe0.22Mn0.07Mo0.24Ru0.05Si0.04V0.14W0.05;Mo0.3Mn0.28V0.33W0.04Ga0.04;True;79.55756686577999;7.54998885462
;;0.07;;;0.38;;0.38;;;;;;;;0.03;;;;;;;;;;;0.14;;;;;;;;;;;;;1.43;0.07;6.8;-0.17;122.44;44.11;6.91;2102.11;31.28;0.36;1.56;0.3;Hamming & Gradient Augmentation;Hf0.03Mo0.38Nb0.05Sc0.19Ta0.15Ti0.07V0.08Zr0.04;Ta0.07Mo0.38Mn0.38Y0.03Ru0.14;True;410.90136881963;
;;;;;0.24;;;0.39;;;;;0.19;;;;;0.08;;;;;;;;;;;;;;;;;;0.11;;;1.47;0.03;7.48;-0.17;196.07;89.57;9.14;1781.82;32.06;0.46;1.3;0.36;Brute Force HEA;Co0.06Cr0.14Fe0.22Mn0.07Mo0.24Ru0.05Si0.04V0.14W0.05;Mo0.24Fe0.39V0.19Ga0.08Rh0.11;True;14827.27753899;310.22847797300005
;;;;;0.32;;;0.3;;;;0.25;;;;;;;;;0.05;;0.08;;;;;;;;;;;;;;;;1.36;0.04;6.82;-0.18;147.17;65.92;7.26;1880.97;31.9;0.45;1.23;0.38;Hamming & Gradient Augmentation;Co0.06Cr0.14Fe0.22Mn0.07Mo0.24Ru0.05Si0.04V0.14W0.05;Mo0.32Fe0.3Mg0.25Te0.05Re0.08;True;137.260363925;10.3407399
;;;0.18;0.14;0.24;;;0.29;;;;;;;;;;;0.16;;;;;;;;;;;;;;;;;;;;1.49;0.05;6.7;-0.18;153.92;61.35;7.98;1995.64;31.21;0.4;1.42;0.23;Hamming & Gradient Augmentation;Co0.06Cr0.14Fe0.22Mn0.07Mo0.24Ru0.05Si0.04V0.14W0.05;Ti0.18Zr0.14Mo0.24Fe0.29Cd0.16;True;31.123553950999998;3.8677311195
;;;;;0.42;;;0.34;;;;;;0.06;;;;;;;;;;;;0.08;0.1;;;;;;;;;;;;1.33;0.05;7.37;-0.17;215.02;83.03;9.59;2033.44;31.54;0.39;1.38;0.41;Brute Force HEA;Co0.06Cr0.14Fe0.22Mn0.07Mo0.24Ru0.05Si0.04V0.14W0.05;Mo0.42Fe0.34W0.06Ru0.08Al0.1;True;210.75316038507;12.798206908845
;;;;;0.18;0.22;0.23;0.21;;;;;;;;;;0.16;;;;;;;;;;;;;;;;;;;;;1.6;0.03;7.79;-0.16;187.79;94.07;8.48;1631.08;32.12;0.5;1.43;0.34;Brute Force HEA;Co0.06Cr0.14Fe0.22Mn0.07Mo0.24Ru0.05Si0.04V0.14W0.05;Mo0.18Cr0.22Mn0.23Fe0.21Ga0.16;True;38.599795014354996;4.20692087447
;;;;;0.29;;0.3;0.24;;;;;;;;;;0.16;;;;;0.02;;;;;;;;;;;;;;;;1.43;0.03;8.16;-0.16;193.27;101.88;9.06;1684.41;32.11;0.53;1.33;0.29;Brute Force HEA;Co0.06Cr0.14Fe0.22Mn0.07Mo0.24Ru0.05Si0.04V0.14W0.05;Mo0.29Mn0.3Fe0.24Ga0.16Re0.02;True;67.26843567655;6.0329432467
;;;;;0.32;0.23;;0.31;;;;;;;;;;;;;;;;;0.05;;0.07;;;;;;;;;;;;1.41;0.04;7.44;-0.1;198.17;92.7;9.07;1800.9;31.63;0.47;2.2;0.38;Annealing;Co0.06Cr0.14Fe0.22Mn0.07Mo0.24Ru0.05Si0.04V0.14W0.05;Mo0.32Cr0.23Fe0.31Hg0.05Al0.07;True;12.339899573549;2.0376164455415005
;;;;;0.02;0.25;0.05;0.25;;0.06;;;;;;;;0.12;;;;;;;;0.25;;;;;;;;;;;;;1.69;0.04;8.08;-0.17;220.15;104.39;9.4;1786.73;31.68;0.47;1.56;0.32;Generative CVAE;Co0.06Cr0.14Fe0.22Mn0.07Mo0.24Ru0.05Si0.04V0.14W0.05;Mo0.02Cr0.25Mn0.05Fe0.25Co0.06Ga0.12Ru0.25;True;653.0326360684251;37.0187759937
;;;;;0.19;0.25;;;;;;;;;;;;;;;;;;0.08;;0.21;;;;0.25;;;;;;;;;1.55;0.05;8.12;-0.13;223.01;108.39;9.51;1906.94;31.46;0.49;1.94;0.26;Brute Force HEA;Al0.04Co0.12Cr0.39Fe0.03Mn0.17Mo0.11Ni0.01Re0.06V0.05W0.01;Mo0.19Cr0.25Ge0.08Ru0.21Ni0.25;True;535.742802275;
;;;;;0.25;0.23;;;;0.25;;;;;;;;;;;;;;0.1;;0.17;;;;;;;;;;;;;1.56;0.05;7.89;-0.09;213.32;96.69;9.47;1887.43;31.43;0.45;2.76;0.26;Brute Force HEA;Al0.04Co0.12Cr0.39Fe0.03Mn0.17Mo0.11Ni0.01Re0.06V0.05W0.01;Mo0.25Cr0.23Co0.25Ge0.1Ru0.17;True;467.11726720200005;
;;;;;0.21;0.22;;;;0.17;;;;;;;;0.16;;;;;;;;0.23;;;;;;;;;;;;;1.6;0.04;8.11;-0.17;224.88;103.25;9.27;1748.98;31.24;0.46;1.44;0.23;Annealing;Co0.06Cr0.14Fe0.22Mn0.07Mo0.24Ru0.05Si0.04V0.14W0.05;Mo0.21Cr0.22Co0.17Ga0.16Ru0.23;True;626.281908806;36.63158036005
;;;;;0.26;0.12;;;;;;;0.2;;;;;0.08;;;;;;0.04;;0.24;;;;0.05;;;;;;;;;1.76;0.05;7.37;-0.17;222.81;102.64;9.16;1958.53;31.07;0.46;1.73;0.24;Annealing;Co0.06Cr0.14Fe0.22Mn0.07Mo0.24Ru0.05Si0.04V0.14W0.05;Mo0.26Cr0.12V0.2Ga0.08Ge0.04Ru0.24Ni0.05;True;654.6392053430001;
;;;;;0.27;;;;;0.22;;;0.21;;;;;;;;;;;0.11;;0.19;;;;;;;;;;;;;1.58;0.05;7.75;-0.16;225.65;108.18;9.37;1992.63;31.45;0.48;1.65;0.28;Brute Force HEA;Co0.06Cr0.14Fe0.22Mn0.07Mo0.24Ru0.05Si0.04V0.14W0.05;Mo0.27Co0.22V0.21Ge0.11Ru0.19;True;547.657522673;
;;;;;0.14;0.14;;;;0.14;;;0.14;;;;;0.14;;;;;;;;0.14;;;;0.14;;;;;;;;;1.95;0.04;8.16;-0.19;218.15;106.6;9.02;1703.88;31.74;0.49;1.54;0.18;Generative CVAE;Co0.06Cr0.14Fe0.22Mn0.07Mo0.24Ru0.05Si0.04V0.14W0.05;Mo0.14Cr0.14Co0.14V0.14Ga0.14Ru0.14Ni0.14;True;422.084390756;26.030730593
;;;;;0.15;0.15;;0.07;;0.15;;;0.15;;;;;0.15;;;;;;;;0.15;;;;;;;;;;;;;1.92;0.04;7.84;-0.16;220.36;104.37;8.86;1751.6;31.73;0.47;1.78;0.32;Generative CVAE;Co0.06Cr0.14Fe0.22Mn0.07Mo0.24Ru0.05Si0.04V0.14W0.05;Mo0.15Cr0.15Fe0.07Co0.15V0.15Ga0.15Ru0.15;True;450.49851264;27.607084365
;;;;;0.42;;;0.04;;0.15;;;;;;0.04;;;;;;;;;;;0.08;;;0.26;;;;;;;;;1.46;0.05;7.63;-0.15;204.96;98.25;9.13;1862.61;31.03;0.48;1.55;0.16;Annealing;Hf0.03Mo0.38Nb0.05Sc0.19Ta0.15Ti0.07V0.08Zr0.04;Mo0.42Fe0.04Co0.15In0.04Al0.08Ni0.26;True;40.503655952056;4.649093088526
;;;;;0.36;;;;0.05;0.21;;;;;;;;;;;;0.12;;;;;0.25;;;;;;;;;;;;1.46;0.06;7.54;-0.14;197.4;99.11;9.07;1789.66;31.09;0.5;1.66;0.15;Hamming & Gradient Augmentation;Hf0.03Mo0.38Nb0.05Sc0.19Ta0.15Ti0.07V0.08Zr0.04;Mo0.36Hf0.05Co0.21Cu0.12Al0.25;True;43.461746491675;4.9852002763625
;;;;;0.33;;;;;0.3;;;0.27;;;;;0.1;;;;;;;;;;;;;;;;;;;;;1.33;0.04;7.3;-0.09;203.48;87.09;8.94;1849.48;32.1;0.43;2.42;0.39;Brute Force HEA;Co0.06Cr0.14Fe0.22Mn0.07Mo0.24Ru0.05Si0.04V0.14W0.05;Mo0.33Co0.3V0.27Ga0.1;True;111.674996595;10.49382942
;;;;;;;;0.13;;0.41;;;0.03;;;;;;;;;;;;;0.39;0.05;;;;;;;;;;;;1.23;0.03;8.1;-0.18;230.12;103.08;9.65;1833.89;32.4;0.45;1.1;0.34;Brute Force HEA;Al0.04Co0.12Cr0.39Fe0.03Mn0.17Mo0.11Ni0.01Re0.06V0.05W0.01;Fe0.13Co0.41V0.03Ru0.39Al0.05;True;1019.1080589215351;57.356129823672504
;;;;;0.18;;;0.28;;0.3;;;;;;;;;;;;;;;;0.16;0.09;;;;;;;;;;;;1.53;0.04;7.5;-0.18;209.24;87.87;9.15;1843.93;31.63;0.42;1.36;0.27;Brute Force HEA;Hf0.03Mo0.38Nb0.05Sc0.19Ta0.15Ti0.07V0.08Zr0.04;Mo0.18Fe0.28Co0.3Ru0.16Al0.09;True;435.51040712556306;25.5458215927605
0.38;;;;;0.01;;;;;;;;0.36;0.07;;;;;;;;0.16;;;;;;0.02;;;;;;;;;;;1.34;0.04;7.22;-0.15;205.34;79.86;8.48;2126.62;31.22;0.39;1.59;0.22;Annealing;Co0.06Cr0.14Fe0.22Mn0.07Mo0.24Ru0.05Si0.04V0.14W0.05;Nb0.38Mo0.01V0.36W0.07Cu0.16As0.02;True;142.03302082000002;
0.28;0.17;;;;;;;;;;;;0.23;;;;;;;;;0.32;;;;;;;;;;;;;;;;;1.39;0.06;6.98;-0.11;191.91;74.3;8.25;1684.76;31.19;0.39;1.84;0.24;Hamming & Gradient Augmentation;Co0.06Cr0.14Fe0.22Mn0.07Mo0.24Ru0.05Si0.04V0.14W0.05;Nb0.28Sc0.17V0.23Cu0.32;True;512.841560359;
0.27;;0.07;;;;;0.24;;;;;;0.31;;;;0.11;;;;;;;;;;;;;;;;;;;;;;1.58;0.05;7.43;-0.1;156.28;69.37;8.07;1869.71;31.28;0.44;2.46;0.28;Hamming & Gradient Augmentation;Co0.06Cr0.14Fe0.22Mn0.07Mo0.24Ru0.05Si0.04V0.14W0.05;Nb0.27Ta0.07Mn0.24V0.31Ag0.11;True;242.88670968424;20.23749125446
0.28;;;;;;;;;;;;0.21;0.3;0.13;0.01;;;;;0.07;;;;;;;;;;;;;;;;;;;1.54;0.05;7.0;-0.14;166.01;66.56;7.86;2074.7;31.36;0.4;2.0;0.28;Annealing;Co0.06Cr0.14Fe0.22Mn0.07Mo0.24Ru0.05Si0.04V0.14W0.05;Nb0.28V0.3Mg0.21W0.13Y0.01Sb0.07;True;123.11293922499999;
0.34;;;;;;;;;0.08;;;;0.38;0.04;;;0.17;;;;;;;;;;;;;;;;;;;;;;1.51;0.06;7.24;-0.16;200.68;80.49;8.82;1949.72;31.04;0.4;1.61;0.23;Hamming & Gradient Augmentation;Co0.06Cr0.14Fe0.22Mn0.07Mo0.24Ru0.05Si0.04V0.14W0.05;Nb0.34Hf0.08V0.38W0.04Ag0.17;True;277.46041277;23.500575351000002
0.38;;0.09;;;;;;;;;;;0.41;0.06;;;;;0.06;;;;;;;;;;;;;;;;;;;;1.28;0.05;7.0;-0.13;156.83;61.9;7.06;1928.75;31.36;0.39;1.68;0.28;Hamming & Gradient Augmentation;Co0.06Cr0.14Fe0.22Mn0.07Mo0.24Ru0.05Si0.04V0.14W0.05;Nb0.38Ta0.09V0.41W0.06Cd0.06;True;220.086664616;19.771492647499997
0.27;;0.08;;0.29;;;;;;;;;0.26;0.04;;;;;;0.06;;;;;;;;;;;;;;;;;;;1.56;0.05;7.03;-0.13;172.59;64.6;8.43;2304.17;31.36;0.37;2.38;0.3;Annealing;Co0.06Cr0.14Fe0.22Mn0.07Mo0.24Ru0.05Si0.04V0.14W0.05;Nb0.27Ta0.08Zr0.29V0.26W0.04Sb0.06;True;205.80896041;19.028507789000003
0.28;;;;;;;;;;0.24;0.02;;0.34;0.06;;;;;;0.07;;;;;;;;;;;;;;;;;;;1.49;0.04;7.51;-0.16;196.23;84.09;8.8;1944.88;31.23;0.43;1.57;0.22;Annealing;Co0.06Cr0.14Fe0.22Mn0.07Mo0.24Ru0.05Si0.04V0.14W0.05;Nb0.28Co0.24Si0.02V0.34W0.06Sb0.07;True;150.028101311;
;;;;;;;;;;;;0.25;0.41;;;;;;;;;0.23;;0.05;;;;0.05;;;;;;;;;;;1.54;0.07;6.98;-0.15;132.91;53.66;7.71;1935.37;31.12;0.4;1.7;0.27;Hamming & Gradient Augmentation;Co0.06Cr0.14Fe0.22Mn0.07Mo0.24Ru0.05Si0.04V0.14W0.05;V0.41Mg0.25Cu0.23Ge0.05As0.05;True;84.98746783499999;
;;;;;;;0.25;;;;;0.21;0.3;;;;0.18;;;;;;;;0.06;;;;;;;;;;;;;;1.52;0.06;7.21;-0.09;163.07;74.35;7.88;1654.02;31.19;0.46;2.4;0.25;Hamming & Gradient Augmentation;Co0.06Cr0.14Fe0.22Mn0.07Mo0.24Ru0.05Si0.04V0.14W0.05;Mn0.25V0.3Mg0.21Ag0.18Hg0.06;True;195.678879202125;15.349262726249998
;;0.2;;0.18;;;0.19;;;;;0.17;0.26;;;;;;;;;;;;;;;;;;;;;;;;;;1.59;0.05;7.36;-0.13;167.72;68.2;8.13;1968.58;31.3;0.41;2.16;0.36;Hamming & Gradient Augmentation;Co0.06Cr0.14Fe0.22Mn0.07Mo0.24Ru0.05Si0.04V0.14W0.05;Ta0.2Zr0.18Mn0.19V0.26Mg0.17;True;233.998373154815;20.007858080509997
;;0.19;;;;;;;;;;0.38;0.36;;;;;0.03;;;0.02;;;;;;;;;;;;;;0.02;;;;1.31;0.06;7.44;-0.15;142.25;62.35;7.09;1870.18;31.36;0.44;1.42;0.28;Annealing;Co0.06Cr0.14Fe0.22Mn0.07Mo0.24Ru0.05Si0.04V0.14W0.05;Ta0.19V0.36Mg0.38Ga0.03Te0.02Pb0.02;True;225.78274434999997;18.94821808
;;;;;;;;;;;;0.26;0.35;0.08;;;;;;0.06;;;;;;;;;;0.25;;;;;;;;;1.46;0.07;7.56;-0.16;187.63;64.76;8.76;1832.83;31.2;0.35;1.46;0.22;Hamming & Gradient Augmentation;Co0.06Cr0.14Fe0.22Mn0.07Mo0.24Ru0.05Si0.04V0.14W0.05;V0.35Mg0.26W0.08Sb0.06Ni0.25;True;81.1679231;7.759872252499999
;;;;;;;;;;;;0.36;0.41;0.12;;0.07;;;;;0.03;;;;;;;;;;;;;;;;;;1.47;0.07;7.59;-0.09;143.94;58.03;7.56;1868.92;31.3;0.4;2.76;0.28;Hamming & Gradient Augmentation;Co0.06Cr0.14Fe0.22Mn0.07Mo0.24Ru0.05Si0.04V0.14W0.05;V0.41Mg0.36W0.12In0.07Te0.03;True;115.17185002499998;10.7419509225
;;;;;;;0.36;0.39;;;0.05;;0.16;;;;;;;;;;;;;;;0.02;;0.02;;;;;;;;;1.33;0.05;7.14;-0.11;178.12;87.65;7.49;1569.05;30.49;0.49;1.58;-1.38;Annealing;Co0.09Cr0.26Fe0.26Mn0.32Si0.07;Mn0.36Fe0.39Si0.05V0.16As0.02Ni0.02;True;32.66454209336;
;;;;;;;0.27;0.29;;;;;0.37;0.05;;;;;;;;;;;;;;0.03;;;;;;;;;;;1.58;0.04;6.77;-0.15;182.04;76.66;7.83;1915.01;31.36;0.42;1.76;0.28;Hamming & Gradient Augmentation;Co0.06Cr0.14Fe0.22Mn0.07Mo0.24Ru0.05Si0.04V0.14W0.05;Mn0.27Fe0.29V0.37W0.05As0.03;True;76.807753082895;
;;;0.28;;;;;0.3;;;;;0.3;;;;;;0.08;;;;;;0.03;;;;;;;;;;;;;;1.56;0.04;6.92;-0.17;178.5;83.99;7.59;1760.53;31.37;0.47;1.38;0.1;Hamming & Gradient Augmentation;Hf0.04Mo0.15Nb0.16Sc0.16Ta0.16Ti0.16Zr0.16;Ti0.28Fe0.3V0.3Cd0.08Hg0.03;True;66.500754788;6.2308546499999995
;;;;;;;;0.3;;0.25;0.08;;0.35;;;;;;;0.01;;;;;;0.01;;;;;;;;;;;;;1.37;0.06;6.95;-0.13;210.2;101.73;7.46;1707.87;30.27;0.48;1.6;-1.1;Annealing;Al0.04Co0.12Cr0.39Fe0.03Mn0.17Mo0.11Ni0.01Re0.06V0.05W0.01;Fe0.3Co0.25Si0.08V0.35Sb0.01Ru0.01;True;122.940897255;
;;;;;;;;0.24;0.12;0.19;;0.19;0.26;;;;;;;;;;;;;;;;;;;;;;;;;;1.52;0.04;7.4;-0.13;187.48;94.73;8.16;1697.37;31.31;0.51;1.74;0.19;Hamming & Gradient Augmentation;Al0.04Co0.12Cr0.39Fe0.03Mn0.17Mo0.11Ni0.01Re0.06V0.05W0.01;Fe0.24Hf0.12Co0.19V0.26Mg0.19;True;98.67615916099999;9.46733799325
;0.05;;;;;;;0.33;;;;;0.31;;;;;;;;;;;0.2;;;0.11;;;;;;;;;;;;1.51;0.05;7.09;-0.19;190.55;100.29;7.6;1695.58;30.6;0.53;1.17;0.0;Hamming & Gradient Augmentation;Co0.06Cr0.14Fe0.22Mn0.07Mo0.24Ru0.05Si0.04V0.14W0.05;Sc0.05Fe0.33V0.31Ge0.2Al0.11;True;197.338277504577;
0.03;;0.02;;;0.05;;;0.28;;;;;0.45;;;;;0.13;;;;;;;;0.03;;;;;;;;;;;;;1.42;0.03;7.36;-0.17;187.99;88.94;8.02;1755.22;31.6;0.47;1.23;0.24;Generative CVAE;Co0.06Cr0.14Fe0.22Mn0.07Mo0.24Ru0.05Si0.04V0.14W0.05;Nb0.03Ta0.02Mo0.05Fe0.28V0.45Ga0.13Ru0.03;True;204.711274005;15.3759198885
0.24;;0.09;;;;;;0.27;;;;;0.34;;;;;;;;;;;;;;;;;;0.05;;;;;;;;1.26;0.05;6.73;-0.15;140.71;60.4;6.57;1850.44;31.3;0.43;1.3;0.05;Hamming & Gradient Augmentation;Co0.06Cr0.14Fe0.22Mn0.07Mo0.24Ru0.05Si0.04V0.14W0.05;Nb0.24Ta0.09Fe0.27V0.34Ir0.05;True;633.589742245;36.324849446500004
;;;0.28;0.22;;;;;;;;;0.29;0.15;;;;;;;0.06;;;;;;;;;;;;;;;;;;1.54;0.06;7.44;-0.13;188.29;61.72;8.17;2188.36;31.3;0.33;2.3;0.31;Hamming & Gradient Augmentation;Hf0.04Mo0.15Nb0.16Sc0.16Ta0.16Ti0.16Zr0.16;Ti0.28Zr0.22V0.29W0.15Te0.06;True;111.962848605;11.2944477945
;;;0.28;;0.02;;;;;;;0.19;0.3;0.19;;;;;;;;;;;0.02;;;;;;;;;;;;;;1.51;0.04;7.44;-0.13;180.42;71.27;7.69;1917.93;31.44;0.4;1.97;0.35;Annealing;Hf0.04Mo0.15Nb0.16Sc0.16Ta0.16Ti0.16Zr0.16;Ti0.28Mo0.02V0.3Mg0.19W0.19Hg0.02;True;87.359951375;8.891627020000001
;;0.22;0.29;;;;;;;;0.02;0.18;0.3;;;;;;;;;;;;;;;;;;;;;;;;;;1.44;0.05;7.21;-0.16;185.45;74.21;7.52;1832.52;31.29;0.4;1.38;0.34;Annealing;Hf0.04Mo0.15Nb0.16Sc0.16Ta0.16Ti0.16Zr0.16;Ta0.22Ti0.29Si0.02V0.3Mg0.18;True;238.26569727;
;;0.1;0.31;;;;0.26;;;;;;0.31;;;;;;;;;;;;;;;0.02;;;;;;;;;;;1.48;0.07;6.82;-0.13;147.29;56.66;6.9;2066.89;31.28;0.38;2.1;0.28;Hamming & Gradient Augmentation;Hf0.04Mo0.15Nb0.16Sc0.16Ta0.16Ti0.16Zr0.16;Ta0.1Ti0.31Mn0.26V0.31As0.02;True;146.45707509501;
;;0.1;0.38;;;;;;;;;;0.37;0.04;;0.06;;;0.04;;;;;;;;;;;;;;;;;;;;1.4;0.04;7.4;-0.1;187.91;74.25;7.87;1981.21;31.31;0.4;2.29;0.29;Annealing;Hf0.04Mo0.15Nb0.16Sc0.16Ta0.16Ti0.16Zr0.16;Ta0.1Ti0.38V0.37W0.04In0.06Cd0.04;True;181.339339169;15.9732835075
;;;0.03;;0.16;0.02;;0.1;;;;;0.46;;;;;0.06;;;;;0.04;;;;;;0.12;;;;;;;;;;1.64;0.03;7.39;-0.13;192.72;76.4;8.07;1703.55;31.81;0.4;1.85;0.4;Generative CVAE;Co0.06Cr0.14Fe0.22Mn0.07Mo0.24Ru0.05Si0.04V0.14W0.05;Ti0.03Mo0.16Cr0.02Fe0.1V0.46Ga0.06Re0.04Zn0.12;True;166.718313163;13.5280740138
0.13;0.11;;0.05;;;;;;0.19;;;;0.48;;;;;0.03;;;;;;;;0.03;;;;;;;;;;;;;1.51;0.07;7.48;-0.18;157.8;57.34;7.88;2037.76;31.2;0.36;1.46;0.28;Generative CVAE;Hf0.04Mo0.15Nb0.16Sc0.16Ta0.16Ti0.16Zr0.16;Nb0.13Sc0.11Ti0.05Hf0.19V0.48Ga0.03Ru0.03;True;502.76780727700003;
;;0.14;;;0.28;;;;;;;0.22;0.29;;;;;;0.07;;;;;;;;;;;;;;0.01;;;;;;1.55;0.04;7.25;-0.09;164.68;65.02;8.09;1809.08;31.31;0.39;2.76;0.29;Annealing;Co0.06Cr0.14Fe0.22Mn0.07Mo0.24Ru0.05Si0.04V0.14W0.05;Ta0.14Mo0.28V0.29Mg0.22Cd0.07Au0.01;True;1007.0677516195;37.378828915
0.27;;0.1;;;0.28;;;;;;;;0.31;;;;;;0.05;;;;;;;;;;;;;;;;;;;;1.42;0.04;6.82;-0.14;133.6;61.97;7.14;1845.92;31.22;0.46;1.65;0.09;Hamming & Gradient Augmentation;Co0.06Cr0.14Fe0.22Mn0.07Mo0.24Ru0.05Si0.04V0.14W0.05;Nb0.27Ta0.1Mo0.28V0.31Cd0.05;True;187.67370471750002;16.80144795
;;;;;0.27;;;0.09;;;;;0.29;;;;;;;;;;;0.17;;;;;;0.18;;;;;;;;;1.54;0.05;7.97;-0.16;208.07;93.78;8.81;1844.52;31.06;0.45;1.56;0.23;Annealing;Co0.06Cr0.14Fe0.22Mn0.07Mo0.24Ru0.05Si0.04V0.14W0.05;Mo0.27Fe0.09V0.29Ge0.17Ni0.18;True;73.357642668;
;;0.07;;;0.38;;;;0.08;;;;0.44;;;0.03;;;;;;;;;;;;;;;;;;;;;;;1.49;0.06;6.88;-0.17;134.2;46.98;7.66;2178.49;31.45;0.35;1.69;0.37;Hamming & Gradient Augmentation;Co0.06Cr0.14Fe0.22Mn0.07Mo0.24Ru0.05Si0.04V0.14W0.05;Ta0.07Mo0.38Hf0.08V0.44In0.03;True;168.1913949;15.10082422
;;;;;0.31;;;;;;;;0.34;;;;;;;;;0.16;;;;;;;;;0.01;;;;;0.18;;;1.33;0.04;7.63;-0.18;207.21;82.37;9.06;1958.88;31.82;0.4;1.26;0.33;Hamming & Gradient Augmentation;Co0.06Cr0.14Fe0.22Mn0.07Mo0.24Ru0.05Si0.04V0.14W0.05;Mo0.31V0.34Cu0.16Ir0.01Rh0.18;True;24334.93538077;509.862491101
;;0.08;;;;;0.31;;;;;;0.49;0.06;;;;;;;;;;0.07;;;;;;;;;;;;;;;1.3;0.04;8.01;-0.17;205.99;96.35;8.56;1930.23;31.64;0.47;1.27;0.26;Hamming & Gradient Augmentation;Co0.06Cr0.14Fe0.22Mn0.07Mo0.24Ru0.05Si0.04V0.14W0.05;Ta0.08Mn0.31V0.49W0.06Ge0.07;True;167.81925260943498;
;;;;;;;0.29;;;;;;0.4;;;;;;;0.05;;;;;;;;0.03;;0.24;;;;;;;;;1.51;0.03;6.8;-0.14;189.49;80.26;8.0;1607.56;31.86;0.42;1.52;0.18;Hamming & Gradient Augmentation;Co0.06Cr0.14Fe0.22Mn0.07Mo0.24Ru0.05Si0.04V0.14W0.05;Mn0.29V0.4Sb0.05As0.03Ni0.24;True;80.62245029266501;
;0.2;0.12;;;0.03;;0.29;;;;;;0.32;0.04;;;;;;;;;;;;;;;;;;;;;;;;;1.53;0.06;7.49;-0.13;151.01;54.58;7.44;1899.3;31.3;0.36;1.94;0.33;Annealing;Co0.06Cr0.14Fe0.22Mn0.07Mo0.24Ru0.05Si0.04V0.14W0.05;Sc0.2Ta0.12Mo0.03Mn0.29V0.32W0.04;True;653.202029728665;
;;;;;;;0.24;;;0.23;;;0.38;;;;;;0.03;;;;;;;0.13;;;;;;;;;;;;;1.54;0.06;7.01;-0.14;212.09;102.79;7.46;1627.18;30.4;0.48;1.57;-1.58;Hamming & Gradient Augmentation;Al0.04Co0.12Cr0.39Fe0.03Mn0.17Mo0.11Ni0.01Re0.06V0.05W0.01;Mn0.24Co0.23V0.38Cd0.03Ru0.13;True;422.54488412674;26.40210784571
;;;;;;;;;;0.24;;0.24;0.34;0.09;;;;;;;;;;0.09;;;;;;;;;;;;;;;1.39;0.05;6.86;-0.17;168.65;77.78;6.93;1889.99;30.76;0.46;1.32;0.16;Hamming & Gradient Augmentation;Al0.04Co0.12Cr0.39Fe0.03Mn0.17Mo0.11Ni0.01Re0.06V0.05W0.01;Co0.24V0.34Mg0.24W0.09Ge0.09;True;112.619343366;
;0.07;;;;;;;;;0.3;;;0.36;;;;;;;;;;;;;0.17;;;;;0.1;;;;;;;;1.3;0.04;6.8;-0.16;189.54;79.07;8.19;1765.84;31.64;0.42;1.23;0.22;Hamming & Gradient Augmentation;Al0.04Co0.12Cr0.39Fe0.03Mn0.17Mo0.11Ni0.01Re0.06V0.05W0.01;Sc0.07Co0.3V0.36Ru0.17Ir0.1;True;1612.424458244;
0.24;;0.07;;;;;;;0.1;;;0.53;;;;;;;;;;;;;;;;;;;0.06;;;;;;;;1.25;0.04;7.2;-0.18;99.38;49.94;6.62;1669.62;31.46;0.5;1.01;0.14;Hamming & Gradient Augmentation;Ag0.12Mg0.31Mn0.2Nb0.28Ta0.09;Nb0.24Ta0.07Hf0.1Mg0.53Ir0.06;True;669.512220075;36.673462715
0.37;;;;;;;;;;;;0.3;;;;;;;;;0.05;0.23;;;;;;;;;;;;0.04;;;;;1.25;0.04;7.14;-0.09;183.72;76.36;8.3;1703.88;31.72;0.42;2.01;0.26;Hamming & Gradient Augmentation;Ag0.12Mg0.31Mn0.2Nb0.28Ta0.09;Nb0.37Mg0.3Te0.05Cu0.23Pt0.04;True;8808.401710985;194.49107211299997
0.39;;;;;;;;;;;;0.31;;;;;0.22;;;;0.06;;;;0.02;;;;;;;;;;;;;;1.36;0.05;7.4;-0.09;161.34;63.68;8.36;1603.61;31.19;0.39;2.16;0.23;Hamming & Gradient Augmentation;Ag0.12Mg0.31Mn0.2Nb0.28Ta0.09;Nb0.39Mg0.31Ag0.22Te0.06Hg0.02;True;235.79842734499996;19.356353391
0.37;;0.17;;;;;;;;;0.03;0.36;;;;;;;;;;;0.07;;;;;;;;;;;;;;;;1.28;0.06;7.17;-0.17;126.56;60.48;6.86;1778.84;30.95;0.48;1.13;-0.02;Hamming & Gradient Augmentation;Ag0.12Mg0.31Mn0.2Nb0.28Ta0.09;Nb0.37Ta0.17Si0.03Mg0.36Re0.07;True;312.6040575675;
0.38;;;;;;;;;0.16;;;0.3;;;;;;;;;0.04;;;;;;;;0.11;;;;;;;;;;1.25;0.05;6.99;-0.09;170.19;64.1;8.36;1537.89;31.19;0.38;1.81;0.27;Hamming & Gradient Augmentation;Ag0.12Mg0.31Mn0.2Nb0.28Ta0.09;Nb0.38Hf0.16Mg0.3Te0.04Zn0.11;True;100.64533097000002;10.711089540000001
0.43;;;;;;;;;;;;0.28;;;;0.1;;;;;;;;0.15;0.04;;;;;;;;;;;;;;1.48;0.04;7.33;-0.11;141.1;60.27;7.75;1680.7;31.91;0.43;1.95;0.29;Hamming & Gradient Augmentation;Ag0.12Mg0.31Mn0.2Nb0.28Ta0.09;Nb0.43Mg0.28In0.1Ge0.15Hg0.04;True;118.1933174;
0.46;;;;;;;;;;;;0.32;;;;;;;0.12;;0.06;;;;;;;;;;;0.05;;;;;;;1.23;0.05;7.0;-0.15;114.46;46.15;6.82;1841.82;31.21;0.4;1.34;0.27;Hamming & Gradient Augmentation;Ag0.12Mg0.31Mn0.2Nb0.28Ta0.09;Nb0.46Mg0.32Cd0.12Te0.06Bi0.05;True;85.765628082;9.056227892999999
0.27;;0.14;0.29;0.02;;;;;;;;0.21;;0.06;;;;;;;;;;;;;;;;;;;;;;;;;1.57;0.03;6.94;-0.13;169.14;72.81;8.11;2061.98;31.86;0.43;2.21;0.32;Annealing;Ag0.12Mg0.31Mn0.2Nb0.28Ta0.09;Nb0.27Ta0.14Ti0.29Zr0.02Mg0.21W0.06;True;175.02766088;16.0492719845
0.41;0.05;0.14;0.3;;0.08;;;;;;;;;;;;;;;;;;;;;;;;;;;;;;0.01;;;;1.4;0.04;6.89;-0.08;178.1;74.56;8.53;2316.31;31.49;0.42;3.53;0.31;Annealing;Ag0.12Mg0.31Mn0.2Nb0.28Ta0.09;Nb0.41Sc0.05Ta0.14Ti0.3Mo0.08Pb0.01;True;312.61027041;
0.39;;;0.35;;;;0.06;;;;;;;0.12;;;;;;;;;;;0.07;;;;;;;;;;;;;;1.5;0.04;7.91;-0.14;168.35;65.13;8.83;2012.75;31.88;0.39;1.9;0.31;Hamming & Gradient Augmentation;Ag0.12Mg0.31Mn0.2Nb0.28Ta0.09;Nb0.39Ti0.35Mn0.06W0.12Hg0.07;True;91.44630896231;10.04151520224
0.23;;;0.19;;;;0.24;;;;;0.07;;;;0.27;;;;;;;;;;;;;;;;;;;;;;;1.56;0.04;7.18;-0.12;146.64;62.42;7.61;1681.18;31.16;0.43;1.89;0.26;Hamming & Gradient Augmentation;Hf0.04Mo0.15Nb0.16Sc0.16Ta0.16Ti0.16Zr0.16;Nb0.23Ti0.19Mn0.24Mg0.07In0.27;True;127.43702164924001;12.405099046460002
0.31;;;0.31;;;;0.26;;;;;;;;;;;;0.09;;;;;;0.03;;;;;;;;;;;;;;1.49;0.03;6.73;-0.16;114.2;53.09;7.29;1664.49;31.93;0.46;1.37;0.11;Hamming & Gradient Augmentation;Hf0.04Mo0.15Nb0.16Sc0.16Ta0.16Ti0.16Zr0.16;Nb0.31Ti0.31Mn0.26Cd0.09Hg0.03;True;64.67311485651;7.027334320539999
0.25;;;0.29;;;;0.14;;0.11;0.2;;;;;;;;;;;;;;;;;;;;;;;;;;;;;1.54;0.06;7.39;-0.13;158.67;61.35;8.09;1765.05;31.19;0.39;1.79;0.28;Hamming & Gradient Augmentation;Hf0.04Mo0.15Nb0.16Sc0.16Ta0.16Ti0.16Zr0.16;Nb0.25Ti0.29Mn0.14Hf0.11Co0.2;True;98.38665617538999;10.36434094856
0.35;;0.04;;;;;0.26;0.27;;;;;;;0.03;0.06;;;;;;;;;;;;;;;;;;;;;;;1.47;0.05;7.29;-0.08;172.99;74.69;8.82;1718.03;31.07;0.43;2.69;0.27;Annealing;Co0.06Cr0.14Fe0.22Mn0.07Mo0.24Ru0.05Si0.04V0.14W0.05;Nb0.35Ta0.04Mn0.26Fe0.27Y0.03In0.06;True;114.65072324001;
0.44;;0.05;;;;;;0.31;;;;;;;0.03;;0.13;;0.04;;;;;;;;;;;;;;;;;;;;1.37;0.06;7.63;-0.05;158.17;50.42;8.83;1700.45;31.13;0.32;3.73;0.33;Annealing;Co0.06Cr0.14Fe0.22Mn0.07Mo0.24Ru0.05Si0.04V0.14W0.05;Nb0.44Ta0.05Fe0.31Y0.03Ag0.13Cd0.04;True;216.498919309;
0.44;;0.03;0.24;;;;;;;;;;;;;;;;;0.02;;;;;;;;;0.27;;;;;;;;;;1.47;0.04;7.81;-0.19;126.28;50.27;7.45;1740.21;31.37;0.4;1.17;0.27;Hamming & Gradient Augmentation;Ag0.12Mg0.31Mn0.2Nb0.28Ta0.09;Nb0.44Ta0.03Ti0.24Sb0.02Zn0.27;True;106.89444044;10.613696280000001
0.43;;;;;;0.17;;0.04;;;;;;;;;;;;;;0.31;;;;;;;;0.05;;;;;;;;;1.31;0.03;7.41;-0.17;190.75;74.94;8.43;1698.83;32.12;0.39;1.14;0.39;Brute Force HEA;Al0.04Co0.12Cr0.39Fe0.03Mn0.17Mo0.11Ni0.01Re0.06V0.05W0.01;Nb0.43Cr0.17Fe0.04Cu0.31Ni0.05;True;80.774003698;8.48713630305
0.58;0.03;0.15;;;0.05;;;0.04;;;;;0.12;;;;;0.02;;;;;;;;;;;;;;;;;;;;;1.33;0.03;7.37;-0.11;181.79;65.77;9.13;2194.81;31.64;0.36;2.2;0.35;Generative CVAE;Ag0.12Mg0.31Mn0.2Nb0.28Ta0.09;Nb0.58Sc0.03Ta0.15Mo0.05Fe0.04V0.12Ga0.02;True;317.78974703599994;
0.43;0.26;;;0.04;;;;;0.22;;;;;;;;;;;0.02;;;;;;;0.04;;;;;;;;;;;;1.38;0.05;7.4;-0.1;132.67;53.2;7.7;2004.85;31.21;0.4;2.28;0.27;Annealing;Hf0.04Mo0.15Nb0.16Sc0.16Ta0.16Ti0.16Zr0.16;Nb0.43Sc0.26Zr0.04Hf0.22Sb0.02Al0.04;True;764.825384670028;
0.42;0.03;;;;;;0.29;;0.03;;;;;;;0.05;0.18;;;;;;;;;;;;;;;;;;;;;;1.39;0.05;7.39;-0.07;138.36;53.29;8.26;1605.27;31.12;0.39;2.66;0.28;Annealing;Ag0.12Mg0.31Mn0.2Nb0.28Ta0.09;Nb0.42Sc0.03Mn0.29Hf0.03Ag0.18In0.05;True;302.818343464665;
0.47;;0.08;;;;;0.32;;;;;;;;;;;;;0.06;;;;0.07;;;;;;;;;;;;;;;1.3;0.04;7.78;-0.18;188.2;74.41;8.51;1942.64;31.22;0.4;1.21;0.22;Hamming & Gradient Augmentation;Ag0.12Mg0.31Mn0.2Nb0.28Ta0.09;Nb0.47Ta0.08Mn0.32Sb0.06Ge0.07;True;150.49979643232;
0.35;;0.13;;;;;0.22;;;;;;;;;;;;;;;;0.08;;;;0.22;;;;;;;;;;;;1.4;0.06;7.79;-0.09;117.14;52.2;6.87;1796.38;31.21;0.45;2.32;0.28;Hamming & Gradient Augmentation;Ag0.12Mg0.31Mn0.2Nb0.28Ta0.09;Nb0.35Ta0.13Mn0.22Re0.08Al0.22;True;292.718015382624;23.570732497239
0.45;;0.06;;;;;0.25;;;;;0.04;;;;;;;;;;0.16;;;;;;0.04;;;;;;;;;;;1.43;0.05;7.58;-0.14;173.34;69.43;8.53;1782.87;31.1;0.4;1.61;0.28;Annealing;Ag0.12Mg0.31Mn0.2Nb0.28Ta0.09;Nb0.45Ta0.06Mn0.25Mg0.04Cu0.16As0.04;True;126.560834317125;
0.32;;;;;;;0.24;;;;;0.3;;0.12;;;;;;;;;;;;;;;;;;;;0.01;;;;;1.39;0.04;6.71;-0.12;155.11;69.25;8.03;1920.82;31.88;0.45;1.9;0.31;Hamming & Gradient Augmentation;Ag0.12Mg0.31Mn0.2Nb0.28Ta0.09;Nb0.32Mn0.24Mg0.3W0.12Pt0.01;True;2256.4960079992397;54.62608650895999
0.29;;;;;;;;;;0.24;;0.28;;;;;0.14;;;0.04;;;;;;;;;;;;;;;;;;;1.33;0.03;7.04;-0.1;192.11;82.81;8.49;1755.01;31.74;0.43;2.02;0.25;Hamming & Gradient Augmentation;Ag0.12Mg0.31Mn0.2Nb0.28Ta0.09;Nb0.29Co0.24Mg0.28Ag0.14Sb0.04;True;187.749380756;15.997912666
0.38;;;;;;;0.25;;0.05;0.2;;;;;;;;;;;;0.12;;;;;;;;;;;;;;;;;1.54;0.05;7.45;-0.16;145.9;65.53;7.91;1678.07;31.13;0.45;1.43;0.15;Hamming & Gradient Augmentation;Ag0.12Mg0.31Mn0.2Nb0.28Ta0.09;Nb0.38Mn0.25Hf0.05Co0.2Cu0.12;True;101.94558121712501;10.43698094925
;;0.16;0.31;;;;0.21;;;;;0.25;;;;;;;;;;;;0.06;;;;;;;;;;;;;;;1.5;0.04;7.16;-0.18;140.14;58.16;6.91;1809.66;31.19;0.42;1.28;0.02;Annealing;Hf0.04Mo0.15Nb0.16Sc0.16Ta0.16Ti0.16Zr0.16;Ta0.16Ti0.31Mn0.21Mg0.25Ge0.06;True;141.030606855585;
;;;0.43;;;;;;;;;0.31;;0.14;;;;;0.07;;0.06;;;;;;;;;;;;;;;;;;1.29;0.06;6.72;-0.14;117.59;52.07;6.31;1876.66;31.23;0.44;1.54;0.3;Hamming & Gradient Augmentation;Hf0.04Mo0.15Nb0.16Sc0.16Ta0.16Ti0.16Zr0.16;Ti0.43Mg0.31W0.14Cd0.07Te0.06;True;31.5491148395;4.306241445
;;0.2;0.38;;0.02;;;;;;;0.34;;;;;;;;0.05;;;;;;;;;;;;;;;;;;;1.52;0.05;7.12;-0.17;135.72;52.14;7.55;1944.11;31.36;0.38;1.54;0.3;Hamming & Gradient Augmentation;Hf0.04Mo0.15Nb0.16Sc0.16Ta0.16Ti0.16Zr0.16;Ta0.2Ti0.38Mo0.02Mg0.34Sb0.05;True;170.9471581;14.793962995
;;0.12;0.34;;;;;;0.07;;;0.32;;;;;0.13;;;0.02;;;;;;;;;;;;;;;;;;;1.52;0.05;7.27;-0.18;110.72;41.88;7.05;1730.04;31.28;0.38;1.29;0.06;Annealing;Hf0.04Mo0.15Nb0.16Sc0.16Ta0.16Ti0.16Zr0.16;Ta0.12Ti0.34Hf0.07Mg0.32Ag0.13Sb0.02;True;217.45314733000004;18.015847799
;;;0.47;;;;;0.33;0.11;;;;;;;0.02;;;;0.07;;;;;;;;;;;;;;;;;;;1.36;0.04;6.77;-0.15;151.57;67.35;7.21;1660.08;30.87;0.44;1.29;0.07;Hamming & Gradient Augmentation;Hf0.04Mo0.15Nb0.16Sc0.16Ta0.16Ti0.16Zr0.16;Ti0.47Fe0.33Hf0.11In0.02Sb0.07;True;42.423935779999994;5.069549281
;;;0.33;;;;0.25;0.28;;;;;;;;0.02;0.11;;;;;;;;;;;;;;;;;;0.01;;;;1.44;0.05;7.06;-0.14;151.95;65.47;7.36;1589.21;30.73;0.43;1.4;0.02;Annealing;Hf0.04Mo0.15Nb0.16Sc0.16Ta0.16Ti0.16Zr0.16;Ti0.33Mn0.25Fe0.28Ag0.11In0.02Pb0.01;True;98.925995762125;8.086823753750002
0.28;;;0.3;;;;;0.3;;;;;;;;;;;0.07;;;;;;;;;;;;0.04;;;;;;;;1.26;0.05;7.51;-0.18;147.41;66.92;7.77;1685.33;31.28;0.45;1.0;0.06;Hamming & Gradient Augmentation;Hf0.04Mo0.15Nb0.16Sc0.16Ta0.16Ti0.16Zr0.16;Nb0.28Ti0.3Fe0.3Cd0.07Ir0.04;True;423.62440843950003;22.9350111975
;;0.14;0.28;;;;;0.29;;;;0.23;;;;0.06;;;;;;;;;;;;;;;;;;;;;;;1.5;0.03;7.34;-0.18;134.73;57.08;7.44;1706.48;31.86;0.42;1.24;0.01;Annealing;Hf0.04Mo0.15Nb0.16Sc0.16Ta0.16Ti0.16Zr0.16;Ta0.14Ti0.28Fe0.29Mg0.23In0.06;True;137.54012089;12.007499385500001
;;0.19;0.29;0.23;;;;;;;;0.21;;;;;;;0.08;;;;;;;;;;;;;;;;;;;;1.54;0.04;7.06;-0.12;119.0;47.05;7.74;1817.96;31.39;0.4;2.01;0.28;Hamming & Gradient Augmentation;Hf0.04Mo0.15Nb0.16Sc0.16Ta0.16Ti0.16Zr0.16;Ta0.19Ti0.29Zr0.23Mg0.21Cd0.08;True;192.904060708;17.1054017305
;;;0.33;0.25;;;0.23;;0.14;;;;;;;;;0.06;;;;;;;;;;;;;;;;;;;;;1.53;0.05;7.49;-0.19;109.99;48.17;7.47;1815.49;31.21;0.44;1.29;0.27;Hamming & Gradient Augmentation;Hf0.04Mo0.15Nb0.16Sc0.16Ta0.16Ti0.16Zr0.16;Ti0.33Zr0.25Mn0.23Hf0.14Ga0.06;True;85.521561226355;9.35385063317
;;0.14;0.41;0.33;;;;;;;;;;;;0.08;;;0.04;;;;;;;;;;;;;;;;;;;;1.34;0.05;7.09;-0.19;137.53;45.06;7.81;1823.85;31.36;0.33;1.12;0.31;Hamming & Gradient Augmentation;Hf0.04Mo0.15Nb0.16Sc0.16Ta0.16Ti0.16Zr0.16;Ta0.14Ti0.41Zr0.33In0.08Cd0.04;True;193.566820539;17.721684075499997
;;;0.47;;;;0.33;;;;;0.04;;0.1;;0.06;;;;;;;;;;;;;;;;;;;;;;;1.25;0.03;7.05;-0.18;183.83;82.02;7.65;1828.55;31.85;0.45;1.08;0.28;Annealing;Hf0.04Mo0.15Nb0.16Sc0.16Ta0.16Ti0.16Zr0.16;Ti0.47Mn0.33Mg0.04W0.1In0.06;True;43.563977955205;5.14227751107
;;;0.48;;;;;;;;;;;0.06;;;;;0.11;;;0.17;;;;0.18;;;;;;;;;;;;;1.39;0.04;7.96;-0.16;170.77;78.2;8.07;1684.28;31.84;0.46;1.23;0.23;Hamming & Gradient Augmentation;Hf0.04Mo0.15Nb0.16Sc0.16Ta0.16Ti0.16Zr0.16;Ti0.48W0.06Cd0.11Cu0.17Ru0.18;True;465.9644441985;26.9860805445
;;0.19;0.5;;;;;;;;;;;;;;0.06;;;;0.07;;;;;;0.18;;;;;;;;;;;;1.3;0.06;7.43;-0.13;123.01;51.38;6.92;1765.27;31.14;0.42;1.55;0.27;Hamming & Gradient Augmentation;Hf0.04Mo0.15Nb0.16Sc0.16Ta0.16Ti0.16Zr0.16;Ta0.19Ti0.5Ag0.06Te0.07Al0.18;True;209.177890861126;17.569609101521
;0.19;0.2;0.53;0.06;;;;;;;;;0.02;;;;;;;;;;;;;;;;;;;;;;;;;;1.22;0.05;6.89;-0.05;152.91;61.26;7.44;2146.39;31.28;0.4;4.65;0.31;Generative CVAE;Hf0.04Mo0.15Nb0.16Sc0.16Ta0.16Ti0.16Zr0.16;Sc0.19Ta0.2Ti0.53Zr0.06V0.02;True;651.988561323;
;;;;;;;;0.4;;;;0.34;;;;;;0.04;;;;0.2;;0.01;;;;;;;;;0.01;;;;;;1.28;0.05;6.99;-0.17;115.6;63.48;5.68;1540.05;30.37;0.55;0.99;-1.43;Annealing;Ag0.12Mg0.31Mn0.2Nb0.28Ta0.09;Fe0.4Mg0.34Ga0.04Cu0.2Ge0.01Au0.01;True;849.059953755;
;;;;;;;;0.33;;;;0.44;;0.12;0.06;;;;;;;;;;;;;;;;0.05;;;;;;;;1.2;0.06;7.89;-0.19;173.19;60.37;9.15;2004.65;31.14;0.35;1.11;0.23;Hamming & Gradient Augmentation;Ag0.12Mg0.31Mn0.2Nb0.28Ta0.09;Fe0.33Mg0.44W0.12Y0.06Ir0.05;True;482.591400205;
;;0.13;;;;;;0.36;;;;0.4;;;;;;;;;;;;0.06;;;;;;;0.04;;;;;;;;1.51;0.05;7.45;-0.19;125.04;49.13;7.49;1938.89;31.31;0.39;1.35;0.34;Hamming & Gradient Augmentation;Ag0.12Mg0.31Mn0.2Nb0.28Ta0.09;Ta0.13Fe0.36Mg0.4Ge0.06Ir0.04;True;475.86779526000004;
;;;;;;;;0.27;;;;0.15;0.26;;;;;0.06;;;;;;;;;;;;0.25;;;;;;;;;1.52;0.04;7.45;-0.18;154.35;67.2;6.96;1673.89;30.77;0.44;1.19;0.28;Hamming & Gradient Augmentation;Co0.06Cr0.14Fe0.22Mn0.07Mo0.24Ru0.05Si0.04V0.14W0.05;Fe0.27V0.26Mg0.15Ga0.06Ni0.25;True;64.921498445;5.9706980465
;;;;;;;;0.33;;;;0.37;;;;;;;;;;;;;0.04;;;;;0.26;;;;;;;;;1.28;0.06;7.04;-0.16;180.85;87.7;7.47;1739.6;30.73;0.48;1.18;-1.08;Hamming & Gradient Augmentation;Co0.06Cr0.14Fe0.22Mn0.07Mo0.24Ru0.05Si0.04V0.14W0.05;Fe0.33Mg0.37Hg0.04Ni0.26;True;7.909170026;1.3272427951
0.3;;;;;;;;0.33;;;;0.25;;;;;;;;;0.06;;;;;;;0.06;;;;;;;;;;;1.41;0.05;6.72;-0.19;122.9;47.84;6.99;1745.49;31.19;0.39;1.13;0.27;Hamming & Gradient Augmentation;Co0.06Cr0.14Fe0.22Mn0.07Mo0.24Ru0.05Si0.04V0.14W0.05;Nb0.3Fe0.33Mg0.25Te0.06As0.06;True;55.277235479999995;
;;;;;;;;0.29;0.07;0.22;;0.33;;;;;;;0.09;;;;;;;;;;;;;;;;;;;;1.46;0.06;7.24;-0.17;129.44;60.75;6.87;1540.51;30.46;0.47;1.17;0.2;Hamming & Gradient Augmentation;Co0.06Cr0.14Fe0.22Mn0.07Mo0.24Ru0.05Si0.04V0.14W0.05;Fe0.29Hf0.07Co0.22Mg0.33Cd0.09;True;45.65374582450001;4.9598978825
0.24;;;;;;;;0.27;;0.24;;0.21;;;;;;;;;;;;;0.03;;;;;;;;;;;;;;1.53;0.04;6.72;-0.16;151.21;67.97;7.34;1713.89;30.78;0.45;1.41;0.16;Hamming & Gradient Augmentation;Co0.06Cr0.14Fe0.22Mn0.07Mo0.24Ru0.05Si0.04V0.14W0.05;Nb0.24Fe0.27Co0.24Mg0.21Hg0.03;True;74.198231886;7.536299740499999
;;;;;;;0.23;0.31;;;;0.24;;;;;0.14;;;;;;0.07;;;;;;;;;;;;;;;;1.36;0.04;6.81;-0.19;147.43;66.75;6.62;1850.56;30.83;0.45;1.16;0.03;Hamming & Gradient Augmentation;Co0.09Cr0.26Fe0.26Mn0.32Si0.07;Mn0.23Fe0.31Mg0.24Ag0.14Re0.07;True;221.16831827635502;16.032344977170002
;;0.1;;;;;0.23;0.34;;;;;;;;;;;;0.06;;;;;;;0.27;;;;;;;;;;;;1.54;0.07;7.44;-0.15;129.7;57.19;7.78;1876.2;31.12;0.44;1.66;0.24;Hamming & Gradient Augmentation;Co0.09Cr0.26Fe0.26Mn0.32Si0.07;Ta0.1Mn0.23Fe0.34Sb0.06Al0.27;False;81.763051268044;7.106773711451499
;;0.12;;0.34;;;;0.4;;;;;;;;;;;;0.02;;;;;;;0.12;;;;;;;;;;;;1.28;0.06;6.99;-0.07;116.16;43.13;6.99;1773.41;31.21;0.37;2.88;0.27;Hamming & Gradient Augmentation;Hf0.04Mo0.15Nb0.16Sc0.16Ta0.16Ti0.16Zr0.16;Ta0.12Zr0.34Fe0.4Sb0.02Al0.12;False;144.96566559408402;13.103461103013998
;;0.12;;;;;;;;;;0.52;;0.08;;;;;;0.07;;0.2;;;;;;;;;;;;;;;;;1.32;0.03;8.05;-0.15;204.11;78.46;9.25;1728.18;31.94;0.38;1.27;0.25;Hamming & Gradient Augmentation;Ag0.12Mg0.31Mn0.2Nb0.28Ta0.09;Ta0.12Mg0.52W0.08Sb0.07Cu0.2;True;109.3340232;9.927734959999997
;;;;;;;;;0.18;;;0.41;;0.04;0.15;;0.21;;;;;;;;;;;;;;;;;;;;;;1.4;0.06;7.64;-0.15;107.87;59.18;6.92;1655.41;31.36;0.55;1.37;0.05;Hamming & Gradient Augmentation;Ag0.12Mg0.31Mn0.2Nb0.28Ta0.09;Hf0.18Mg0.41W0.04Y0.15Ag0.21;True;220.177933035;
;;0.18;;;;;;;;;;0.57;;0.06;;0.02;0.17;;;;;;;;;;;;;;;;;;;;;;1.18;0.04;7.89;-0.11;106.91;58.1;6.89;1627.1;31.22;0.54;1.44;0.05;Annealing;Ag0.12Mg0.31Mn0.2Nb0.28Ta0.09;Ta0.18Mg0.57W0.06Ag0.17In0.02;True;285.17037079500005;22.860810381
;;0.14;;;;;;;;;;0.48;;0.1;;;;;;;;;;;;0.24;;;;;;;;0.04;;;;;1.29;0.05;6.77;-0.14;96.76;40.99;6.07;1872.65;31.31;0.42;1.47;0.31;Hamming & Gradient Augmentation;Ag0.12Mg0.31Mn0.2Nb0.28Ta0.09;Ta0.14Mg0.48W0.1Ru0.24Pt0.04;True;9455.9376992;230.14006573999998
;;0.21;;;;;;;;;;0.57;0.05;;;0.09;;0.08;;;;;;;;;;;;;;;;;;;;;1.22;0.04;7.59;-0.17;102.43;58.79;6.17;1643.33;30.93;0.57;0.99;0.19;Annealing;Ag0.12Mg0.31Mn0.2Nb0.28Ta0.09;Ta0.21V0.05Mg0.57In0.09Ga0.08;True;220.1660466;18.756904687499997
;;0.14;;;;;;;0.17;;;0.54;;;0.1;;;;;;;;0.04;;;;;;;;;;;;;;;;1.23;0.06;7.5;-0.17;96.49;54.14;6.51;1626.17;31.36;0.56;1.04;0.06;Hamming & Gradient Augmentation;Ag0.12Mg0.31Mn0.2Nb0.28Ta0.09;Ta0.14Hf0.17Mg0.54Y0.1Re0.04;True;225.38371635000004;
;;;;;;;;;;;0.02;0.61;;0.19;;0.08;;0.08;;;0.02;;;;;;;;;;;;;;;;;;1.18;0.06;7.5;-0.12;100.78;54.49;6.02;1519.09;30.95;0.54;1.3;0.23;Annealing;Ag0.12Mg0.31Mn0.2Nb0.28Ta0.09;Si0.02Mg0.61W0.19In0.08Ga0.08Te0.02;True;64.88484932;
;;;;;;;;;;;;0.5;;0.13;;;;0.1;;;;;;;0.03;;;;;0.24;;;;;;;;;1.36;0.03;7.68;-0.16;198.42;70.35;8.89;1772.0;31.93;0.35;1.26;0.25;Hamming & Gradient Augmentation;Ag0.12Mg0.31Mn0.2Nb0.28Ta0.09;Mg0.5W0.13Ga0.1Hg0.03Ni0.24;True;40.348779654;4.808992058399999
;;;;;;;;;;;;0.42;;;0.08;;;0.05;0.4;;;;;;;;0.04;;;;;;;;;;;;1.26;0.06;7.46;-0.18;112.14;44.85;6.98;1778.43;31.36;0.4;1.07;0.17;Hamming & Gradient Augmentation;Hf0.04Mo0.15Nb0.16Sc0.16Ta0.16Ti0.16Zr0.16;Mg0.42Y0.08Ga0.05Cd0.4Al0.04;True;27.847091768028;
;;;;;;;0.32;;;;;0.35;;;;0.05;;;;;;0.26;;;;;;;;;;;0.03;;;;;;1.33;0.05;7.13;-0.14;83.21;46.9;5.85;1335.11;30.32;0.56;1.11;-1.63;Annealing;Ag0.12Mg0.31Mn0.2Nb0.28Ta0.09;Mn0.32Mg0.35In0.05Cu0.26Au0.03;True;2529.57968804232;70.42129471128001
;;0.13;;;;;0.31;;;;0.05;0.44;;0.06;;;;;;;;;;;;;;;;;;;;;;;;;1.28;0.06;6.97;-0.1;130.41;53.01;7.06;2066.05;31.13;0.41;2.2;0.29;Hamming & Gradient Augmentation;Ag0.12Mg0.31Mn0.2Nb0.28Ta0.09;Ta0.13Mn0.31Si0.05Mg0.44W0.06;True;113.348742696935;
;;;;;;;0.32;;;;0.02;0.45;;0.14;;;;;;;;;;;;;;;;;;;;0.02;;;;0.05;1.31;0.05;7.2;-0.15;119.52;60.52;6.5;1685.03;30.95;0.51;1.23;0.03;Annealing;Ag0.12Mg0.31Mn0.2Nb0.28Ta0.09;Mn0.32Si0.02Mg0.45W0.14Pt0.02;True;4390.37077125232;
;;;;;;;0.28;;;0.24;;0.34;;0.1;0.04;;;;;;;;;;;;;;;;;;;;;;;;1.2;0.07;7.48;-0.17;98.31;37.46;6.67;1777.87;31.44;0.38;1.08;0.14;Hamming & Gradient Augmentation;Ag0.12Mg0.31Mn0.2Nb0.28Ta0.09;Mn0.28Co0.24Mg0.34W0.1Y0.04;True;50.182804506779995;
;;;;;;;;;;0.35;;0.41;;0.11;;;;;;;0.06;;;;;;;0.07;;;;;;;;;;;1.46;0.06;7.04;-0.1;125.08;53.81;7.73;1788.27;31.21;0.43;2.3;0.2;Hamming & Gradient Augmentation;Ag0.12Mg0.31Mn0.2Nb0.28Ta0.09;Co0.35Mg0.41W0.11Te0.06As0.07;True;60.241727364999996;
